Date,Year,Month_Num,Month_Name,Day_of_Week,Week_Number,Quarter,Is_Month_Start,Is_Month_End,Open,High,Low,Close,Shares_Traded,Turnover_Cr,Direction,Up_Day,Daily_Return_Pct,Change_from_Prev_Close,Cum_Return_Pct,Daily_Range,Daily_Range_Pct,Open_Close_Spread,Open_Close_Spread_Pct,Gap_Up_Down,Gap_Pct,SMA_5,SMA_10,SMA_20,SMA_50,EMA_5,EMA_10,EMA_20,EMA_50,Volatility_5D,Volatility_10D,Volatility_20D,ATR_14,RSI_14,RSI_Signal,MACD,MACD_Signal,MACD_Histogram,MACD_Crossover,BB_Upper,BB_Mid,BB_Lower,BB_Width,BB_Position,Drawdown_Pct,Rolling_52W_High,Rolling_52W_Low,Pct_From_52W_High,Pct_From_52W_Low,Volume_MA_20,Volume_Ratio,High_Volume_Day,Turnover_MA_20,SMA_20_above_50,Golden_Cross,Death_Cross,Trend
2025-06-04,2025,6,Jun-2025,Wednesday,23,2,0,0,24560.45,24644.25,24530.45,24620.2,280862575,21907.07,Down,0,,,0.0,113.8,0.4633,59.75,0.2433,,,,,,,24620.2,24620.2,24620.2,24620.2,,,,,,,0.0,0.0,0.0,None,,,,,,0.0,24644.25,24530.45,-0.1,0.37,,,0,,0.0,0,0,
2025-06-05,2025,6,Jun-2025,Thursday,23,2,0,0,24691.2,24899.85,24613.1,24750.9,388405978,30186.46,Up,1,0.5309,130.7,0.5309,286.75,1.1613,59.7,0.2418,71.0,0.2884,,,,,24663.77,24643.96,24632.65,24625.33,,,,,,,10.43,2.09,8.34,Bullish,,,,,,0.0,24899.85,24530.45,-0.6,0.9,,,0,,0.0,0,0,
2025-06-06,2025,6,Jun-2025,Friday,23,2,0,0,24748.7,25029.5,24671.45,25003.05,335581057,30041.71,Up,1,1.0188,252.15,1.555,358.05,1.4467,254.35,1.0277,-2.2,-0.0089,,,,,24776.86,24709.25,24667.92,24640.14,,,,,,,38.59,9.39,29.2,None,,,,,,0.0,25029.5,24530.45,-0.11,1.93,,,0,,0.0,0,0,
2025-06-09,2025,6,Jun-2025,Monday,24,2,0,0,25160.1,25160.1,25077.15,25103.2,279219989,25606.21,Up,1,0.4006,100.15,1.9618,82.95,0.3297,-56.9,-0.2262,157.05,0.6281,,,,,24885.64,24780.88,24709.38,24658.3,,,,,,,68.21,21.15,47.06,None,,,,,,0.0,25160.1,24530.45,-0.23,2.33,,,0,,0.0,0,0,
2025-06-10,2025,6,Jun-2025,Tuesday,24,2,0,0,25196.05,25199.3,25055.45,25104.25,307323471,28813.93,Up,1,0.0042,1.05,1.9661,143.85,0.5709,-91.8,-0.3643,92.85,0.3699,24916.32,,,,24958.51,24839.67,24746.99,24675.79,,,,,,,90.72,35.07,55.65,None,,,,,,0.0,25199.3,24530.45,-0.38,2.34,,,0,,0.0,0,0,
2025-06-11,2025,6,Jun-2025,Wednesday,24,2,0,0,25134.15,25222.4,25081.3,25141.4,301245273,25871.18,Up,1,0.148,37.15,2.117,141.1,0.5614,7.25,0.0288,29.9,0.1191,25020.56,,,,25019.47,24894.53,24784.55,24694.05,0.3931,,,,,,110.28,50.11,60.17,None,,,,,,0.0,25222.4,24530.45,-0.32,2.49,,,0,,0.0,0,0,
2025-06-12,2025,6,Jun-2025,Thursday,24,2,0,0,25164.45,25196.2,24825.9,24888.2,328310748,29573.27,Down,0,-1.0071,-253.2,1.0885,370.3,1.4715,-276.25,-1.0978,23.05,0.0917,25048.02,,,,24975.72,24893.38,24794.42,24701.66,0.7367,,,,,,104.16,60.92,43.24,None,,,,,,-1.0071,25222.4,24530.45,-1.33,1.46,,,0,,0.0,0,0,
2025-06-13,2025,6,Jun-2025,Friday,24,2,0,0,24473.0,24754.35,24473.0,24718.6,318711364,24838.56,Down,0,-0.6814,-169.6,0.3997,281.35,1.1496,245.6,1.0036,-415.2,-1.6683,24991.13,,,,24890.01,24861.6,24787.2,24702.32,0.5922,,,,,,84.64,65.66,18.98,None,,,,,,-1.6817,25222.4,24473.0,-2.0,1.0,,,0,,0.0,0,0,
2025-06-16,2025,6,Jun-2025,Monday,25,2,0,0,24732.35,24967.1,24703.6,24946.5,305813047,23857.15,Up,1,0.922,227.9,1.3253,263.5,1.0654,214.15,0.8659,13.75,0.0556,24959.79,,,,24908.84,24877.04,24802.37,24711.9,0.7542,,,,,,86.56,69.84,16.72,None,,,,,,-0.7752,25222.4,24473.0,-1.09,1.93,,,0,,0.0,0,0,
2025-06-17,2025,6,Jun-2025,Tuesday,25,2,0,0,24977.85,24982.05,24813.7,24853.4,242415740,21818.05,Down,0,-0.3732,-93.1,0.9472,168.35,0.674,-124.45,-0.4982,31.35,0.1257,24909.62,24912.97,,,24890.36,24872.74,24807.23,24717.45,0.7572,,,,,,79.66,71.81,7.85,None,,,,,,-1.1455,25222.4,24473.0,-1.46,1.55,,,0,,0.0,0,0,
2025-06-18,2025,6,Jun-2025,Wednesday,25,2,0,0,24788.35,24947.55,24750.45,24812.05,237599011,22044.05,Down,0,-0.1664,-41.35,0.7792,197.1,0.7951,23.7,0.0956,-65.05,-0.2617,24843.75,24932.16,,,24864.26,24861.71,24807.69,24721.16,0.7339,0.6612,,,,,70.04,71.45,-1.41,Bearish,,,,,,-1.31,25222.4,24473.0,-1.63,1.39,,,0,,0.0,0,0,
2025-06-19,2025,6,Jun-2025,Thursday,25,2,0,0,24803.25,24863.1,24733.4,24793.25,274619935,23620.79,Down,0,-0.0758,-18.8,0.7029,129.7,0.5229,-10.0,-0.0403,-8.8,-0.0355,24824.76,24936.39,,,24840.59,24849.26,24806.31,24723.99,0.6039,0.6427,,,,,60.21,69.2,-8.99,None,,,,,,-1.3848,25222.4,24473.0,-1.7,1.31,,,0,,0.0,0,0,
2025-06-20,2025,6,Jun-2025,Friday,25,2,0,0,24787.65,25136.2,24783.65,25112.4,574654035,55782.03,Up,1,1.2872,319.15,1.9992,352.55,1.4223,324.75,1.3101,-5.6,-0.0226,24903.52,24947.32,,,24931.19,24897.1,24835.47,24739.22,0.7368,0.6928,,,,,77.28,70.82,6.46,Bullish,,,,,,-0.1153,25222.4,24473.0,-0.44,2.61,,,0,,0.0,0,0,
2025-06-23,2025,6,Jun-2025,Monday,26,2,0,0,24939.75,25057.0,24824.85,24971.9,248534153,20797.88,Down,0,-0.5595,-140.5,1.4285,232.15,0.9308,32.15,0.1289,-172.65,-0.6875,24908.6,24934.2,,,24944.76,24910.7,24848.46,24748.34,0.7315,0.7046,,222.96,,,78.57,72.37,6.2,None,,,,,,-0.6742,25222.4,24473.0,-0.99,2.04,,,0,,0.0,0,0,
2025-06-24,2025,6,Jun-2025,Tuesday,26,2,0,0,25179.9,25317.7,24999.7,25044.35,450185468,35508.9,Up,1,0.2901,72.45,1.7228,318.0,1.2629,-135.55,-0.5383,208.0,0.8329,24946.79,24928.2,,,24977.96,24935.0,24867.12,24759.95,0.7013,0.7128,,237.55,61.42,Neutral,84.46,74.79,9.67,None,,,,,,-0.386,25317.7,24473.0,-1.08,2.33,,,0,,0.0,0,0,
2025-06-25,2025,6,Jun-2025,Wednesday,26,2,0,0,25150.35,25266.8,25125.05,25244.75,260582584,22985.17,Up,1,0.8002,200.4,2.5367,141.75,0.5636,94.4,0.3753,106.0,0.4232,25033.33,24938.54,,,25066.89,24991.32,24903.08,24778.96,0.7234,0.7584,,227.19,62.81,Neutral,104.1,80.65,23.45,None,,,,,,0.0,25317.7,24473.0,-0.29,3.15,,,0,,0.0,0,0,
2025-06-26,2025,6,Jun-2025,Thursday,26,2,0,0,25268.95,25565.3,25259.9,25549.0,428891818,38689.39,Up,1,1.2052,304.25,3.7725,305.4,1.2086,280.05,1.1083,24.2,0.0959,25184.48,25004.62,,,25227.59,25092.72,24964.6,24809.16,0.7614,0.7403,,223.43,63.79,Neutral,142.57,93.03,49.54,None,,,,,,0.0,25565.3,24473.0,-0.06,4.4,,,0,,0.0,0,0,
2025-06-27,2025,6,Jun-2025,Friday,26,2,0,0,25576.65,25654.2,25523.55,25637.8,563957748,47108.6,Up,1,0.3476,88.8,4.1332,130.65,0.5108,61.15,0.2391,27.65,0.1082,25289.56,25096.54,,,25364.33,25191.82,25028.71,24841.66,0.66,0.6615,,226.84,63.58,Neutral,178.17,110.06,68.11,None,,,,,,0.0,25654.2,24473.0,-0.06,4.76,,,0,,0.0,0,0,
2025-06-30,2025,6,Jun-2025,Monday,27,2,0,1,25661.65,25669.35,25473.3,25517.05,270981274,24673.48,Down,0,-0.471,-120.75,3.6427,196.05,0.764,-144.6,-0.5635,23.85,0.093,25398.59,25153.6,,,25415.24,25250.95,25075.22,24868.14,0.6277,0.6783,,230.57,59.89,Neutral,194.4,126.93,67.47,None,,,,,,-0.471,25669.35,24473.0,-0.59,4.27,,,0,,0.0,0,0,
2025-07-01,2025,7,Jul-2025,Tuesday,27,3,1,0,25551.35,25593.4,25501.8,25541.8,260669106,23921.02,Up,1,0.097,24.75,3.7433,91.6,0.3585,-9.55,-0.0374,34.3,0.1344,25498.08,25222.44,25067.7,,25457.42,25303.84,25119.66,24894.56,0.6445,0.6475,,227.03,59.65,Neutral,206.87,142.92,63.95,None,25665.0,25067.7,24470.41,4.7655,Inside Band,-0.3744,25669.35,24473.0,-0.5,4.37,332928219.0,0.783,0,28882.25,0.0,0,0,
2025-07-02,2025,7,Jul-2025,Wednesday,27,3,0,0,25588.3,25608.1,25378.75,25453.4,309828013,26681.66,Down,0,-0.3461,-88.4,3.3842,229.35,0.8963,-134.9,-0.5272,46.5,0.1821,25539.81,25286.57,25109.36,,25456.08,25331.03,25151.44,24916.47,0.6681,0.6635,0.6511,216.96,64.79,Neutral,207.24,155.78,51.46,None,25691.27,25109.36,24527.46,4.635,Inside Band,-0.7193,25669.35,24473.0,-0.84,4.01,334376491.0,0.9266,0,29120.97,0.0,0,0,
2025-07-03,2025,7,Jul-2025,Thursday,27,3,0,0,25505.1,25587.5,25384.35,25405.3,293428797,24531.7,Down,0,-0.189,-48.1,3.1888,203.15,0.7965,-99.8,-0.3913,51.7,0.2031,25511.07,25347.78,25142.08,,25439.15,25344.53,25175.62,24935.64,0.3333,0.6707,0.6499,211.38,69.2,Neutral,201.32,164.89,36.43,None,25712.6,25142.08,24571.56,4.5384,Inside Band,-0.9069,25669.35,24473.0,-1.03,3.81,329627632.0,0.8902,0,28838.24,0.0,0,0,
2025-07-04,2025,7,Jul-2025,Friday,27,3,0,0,25428.85,25470.25,25331.65,25461.0,193511595,19101.33,Up,1,0.2192,55.7,3.4151,138.6,0.5451,32.15,0.1264,23.55,0.0927,25475.71,25382.64,25164.98,,25446.44,25365.71,25202.8,24956.25,0.2914,0.5629,0.6162,202.46,65.91,Neutral,198.84,171.68,27.16,None,25748.61,25164.98,24581.35,4.6384,Inside Band,-0.6896,25669.35,24473.0,-0.81,4.04,322524158.0,0.6,0,28291.22,0.0,0,0,
2025-07-07,2025,7,Jul-2025,Monday,28,3,0,0,25450.45,25489.8,25407.25,25461.3,196051345,16923.26,Up,1,0.0012,0.3,3.4163,82.55,0.3244,10.85,0.0426,-10.55,-0.0414,25464.56,25431.58,25182.88,,25451.39,25383.09,25227.42,24976.05,0.2256,0.5111,0.6122,196.33,69.95,Neutral,194.65,176.27,18.38,None,25780.35,25182.88,24585.42,4.745,Inside Band,-0.6884,25669.35,24473.0,-0.81,4.04,318365726.0,0.6158,0,27857.07,0.0,0,0,
2025-07-08,2025,7,Jul-2025,Tuesday,28,3,0,0,25427.85,25548.05,25424.15,25522.5,210410530,21947.32,Up,1,0.2404,61.2,3.6649,123.9,0.4873,94.65,0.3722,-33.45,-0.1314,25460.7,25479.39,25203.8,,25475.09,25408.44,25255.52,24997.48,0.2551,0.5103,0.6131,191.1,73.01,Overbought,194.03,179.82,14.21,None,25818.7,25203.8,24588.9,4.8794,Inside Band,-0.4497,25669.35,24473.0,-0.57,4.29,313520079.0,0.6711,0,27513.74,0.0,0,0,
2025-07-09,2025,7,Jul-2025,Wednesday,28,3,0,0,25514.6,25548.7,25424.35,25476.1,239081546,20549.5,Down,0,-0.1818,-46.4,3.4764,124.35,0.4874,-38.5,-0.1509,-7.9,-0.031,25465.24,25502.52,25220.53,,25475.43,25420.74,25276.53,25016.25,0.208,0.473,0.6157,190.72,71.73,Overbought,187.64,181.39,6.25,None,25846.4,25220.53,24594.66,4.9632,Inside Band,-0.6307,25669.35,24473.0,-0.75,4.1,310411893.0,0.7702,0,27247.66,0.0,0,0,
2025-07-10,2025,7,Jul-2025,Thursday,28,3,0,0,25511.65,25524.05,25340.45,25355.25,219609322,21435.36,Down,0,-0.4744,-120.85,2.9856,183.6,0.7197,-156.4,-0.6131,35.55,0.1395,25455.23,25483.15,25243.88,,25435.37,25408.83,25284.02,25029.55,0.2984,0.3008,0.577,178.65,58.84,Neutral,170.85,179.28,-8.43,Bearish,25852.15,25243.88,24635.62,4.8191,Inside Band,-1.1021,25669.35,24473.0,-1.22,3.6,304976822.0,0.7201,0,26840.76,0.0,0,0,
2025-07-11,2025,7,Jul-2025,Friday,28,3,0,0,25255.5,25322.45,25129.0,25149.85,249987681,26251.65,Down,0,-0.8101,-205.4,2.1513,193.45,0.766,-105.65,-0.4183,-99.75,-0.3934,25393.0,25434.36,25265.45,,25340.2,25361.74,25271.25,25034.26,0.4099,0.34,0.5868,175.89,56.19,Neutral,139.36,171.3,-31.94,None,25823.84,25265.45,24707.06,4.4202,Inside Band,-1.9032,25669.35,24473.0,-2.02,2.77,301540637.0,0.829,0,26911.41,0.0,0,0,
2025-07-14,2025,7,Jul-2025,Monday,29,3,0,0,25149.5,25151.1,25001.95,25082.3,259533624,23316.33,Down,0,-0.2686,-67.55,1.8769,149.15,0.5931,-67.2,-0.2672,-0.35,-0.0014,25317.2,25390.88,25272.24,,25254.23,25310.94,25253.25,25036.15,0.3865,0.3273,0.5574,163.82,51.32,Neutral,107.71,158.58,-50.87,None,25817.44,25272.24,24727.03,4.3147,Inside Band,-2.1667,25669.35,24473.0,-2.29,2.49,299226666.0,0.8673,0,26884.37,0.0,0,0,
2025-07-15,2025,7,Jul-2025,Tuesday,29,3,0,0,25089.5,25245.2,25088.45,25195.8,241340130,23282.7,Up,1,0.4525,113.5,2.3379,156.75,0.6248,106.3,0.4237,7.2,0.0287,25251.86,25356.28,25289.36,,25234.75,25290.0,25247.78,25042.41,0.4643,0.3754,0.5566,164.9,48.18,Neutral,90.75,145.01,-54.26,None,25799.57,25289.36,24779.15,4.035,Inside Band,-1.724,25669.35,24473.0,-1.84,2.95,299172886.0,0.8067,0,26957.61,0.0,0,0,
2025-07-16,2025,7,Jul-2025,Wednesday,29,3,0,0,25196.6,25255.3,25121.05,25212.05,228815928,22254.54,Up,1,0.0645,16.25,2.4039,134.25,0.5328,15.45,0.0613,0.8,0.0032,25199.05,25332.14,25309.36,,25227.19,25275.83,25244.38,25049.06,0.4867,0.3723,0.5539,152.67,34.08,Neutral,77.71,131.55,-53.84,None,25769.71,25309.36,24849.0,3.6378,Inside Band,-1.6606,25669.35,24473.0,-1.78,3.02,298733732.0,0.766,0,26968.13,0.0,0,0,
2025-07-17,2025,7,Jul-2025,Thursday,29,3,0,0,25230.75,25238.35,25101.0,25111.45,243412540,24715.35,Down,0,-0.399,-100.6,1.9953,137.35,0.5444,-119.3,-0.4728,18.7,0.0742,25150.29,25302.76,25325.27,,25188.61,25245.94,25231.72,25051.51,0.4775,0.384,0.5633,153.15,25.4,Oversold,58.59,116.96,-58.37,None,25729.03,25325.27,24921.5,3.1886,Inside Band,-2.053,25669.35,24473.0,-2.17,2.61,297173362.0,0.8191,0,27022.86,0.0,0,0,
2025-07-18,2025,7,Jul-2025,Friday,29,3,0,0,25108.55,25144.6,24918.65,24968.4,316979826,26330.8,Down,0,-0.5697,-143.05,1.4143,225.95,0.8999,-140.15,-0.5582,-2.9,-0.0115,25114.0,25253.5,25318.07,,25115.2,25195.48,25206.64,25048.25,0.4065,0.3885,0.5009,155.29,24.88,Oversold,31.53,99.87,-68.34,None,25742.43,25318.07,24893.71,3.3522,Inside Band,-2.611,25669.35,24473.0,-2.73,2.02,284289651.0,1.115,0,25550.3,0.0,0,0,
2025-07-21,2025,7,Jul-2025,Monday,30,3,0,0,24999.0,25111.4,24882.3,25090.7,305216414,26062.25,Up,1,0.4898,122.3,1.911,229.1,0.9164,91.7,0.3668,30.6,0.1226,25115.68,25216.44,25324.01,,25107.04,25176.43,25195.6,25049.91,0.4828,0.4428,0.4972,165.11,31.04,Neutral,19.73,83.85,-64.12,None,25730.93,25324.01,24917.08,3.2137,Inside Band,-2.134,25669.35,24473.0,-2.25,2.52,287123764.0,1.063,0,25813.52,0.0,0,0,
2025-07-22,2025,7,Jul-2025,Tuesday,30,3,0,0,25166.65,25182.0,25035.55,25060.9,483725120,31248.06,Down,0,-0.1188,-29.8,1.79,146.45,0.5819,-105.75,-0.4202,75.95,0.3027,25088.7,25170.28,25324.84,,25091.66,25155.42,25182.77,25050.34,0.4138,0.4221,0.4941,159.19,32.65,Neutral,7.88,68.65,-60.77,None,25729.43,25324.84,24920.24,3.1952,Inside Band,-2.2502,25669.35,24473.0,-2.37,2.4,288800747.0,1.6749,1,25600.47,0.0,0,0,
2025-07-23,2025,7,Jul-2025,Wednesday,30,3,0,0,25139.35,25233.5,25085.5,25219.9,271539651,23042.49,Up,1,0.6345,159.0,2.4358,148.0,0.5887,80.55,0.3204,78.45,0.313,25090.27,25144.66,25323.59,,25134.41,25167.15,25186.31,25056.99,0.5339,0.4947,0.4813,155.25,42.54,Neutral,11.19,57.16,-45.97,None,25729.37,25323.59,24917.81,3.2048,Inside Band,-1.63,25669.35,24473.0,-1.75,3.05,289348600.0,0.9385,0,25603.34,0.0,0,0,
2025-07-24,2025,7,Jul-2025,Thursday,30,3,0,0,25243.3,25246.25,25018.7,25062.1,338728860,27433.34,Down,0,-0.6257,-157.8,1.7949,227.55,0.9014,-181.2,-0.7178,23.4,0.0928,25080.4,25115.34,25299.25,,25110.3,25148.05,25174.48,25057.19,0.5842,0.5095,0.4077,161.6,35.16,Neutral,1.07,45.94,-44.87,None,25706.51,25299.25,24891.99,3.2195,Inside Band,-2.2455,25669.35,24473.0,-2.37,2.41,284840452.0,1.1892,0,25040.54,0.0,0,0,
2025-07-25,2025,7,Jul-2025,Friday,30,3,0,0,25010.35,25010.35,24806.35,24837.0,278136104,25273.64,Down,0,-0.8982,-225.1,0.8806,204.0,0.8157,-173.35,-0.6931,-51.75,-0.2065,25054.12,25084.06,25259.21,,25019.2,25091.49,25142.34,25048.56,0.671,0.5235,0.431,170.27,30.1,Neutral,-24.83,31.79,-56.62,None,25683.43,25259.21,24834.99,3.3589,Inside Band,-3.1235,25669.35,24473.0,-3.24,1.49,270549370.0,1.028,0,23948.79,0.0,0,0,
2025-07-28,2025,7,Jul-2025,Monday,31,3,0,0,24782.45,24889.2,24646.6,24680.9,262142969,24976.54,Down,0,-0.6285,-156.1,0.2465,242.6,0.9789,-101.55,-0.4098,-54.55,-0.2196,24972.16,25043.92,25217.4,,24906.43,25016.84,25098.39,25034.14,0.6071,0.5464,0.4384,178.75,24.71,Oversold,-57.29,13.97,-71.26,None,25695.96,25217.4,24738.84,3.7955,Below Lower,-3.7324,25669.35,24473.0,-3.85,0.85,270107455.0,0.9705,0,23963.94,0.0,0,0,
2025-07-29,2025,7,Jul-2025,Tuesday,31,3,0,0,24609.65,24847.15,24598.6,24821.1,284657235,25954.42,Up,1,0.5681,140.2,0.816,248.55,1.01,211.45,0.8592,-71.25,-0.2887,24924.2,25006.45,25181.36,,24877.99,24981.25,25071.98,25025.79,0.7311,0.5618,0.4651,187.62,31.37,Neutral,-70.89,-3.0,-67.89,None,25665.57,25181.36,24697.16,3.8457,Inside Band,-3.1855,25669.35,24473.0,-3.3,1.42,271306862.0,1.0492,0,24065.61,0.0,0,0,
2025-07-30,2025,7,Jul-2025,Wednesday,31,3,0,0,24890.4,24902.3,24771.95,24855.05,243886726,23525.25,Up,1,0.1368,33.95,0.9539,130.35,0.5237,-35.35,-0.142,69.3,0.2792,24851.23,24970.75,25151.45,,24870.34,24958.31,25051.32,25019.09,0.6155,0.5653,0.4665,183.82,35.03,Neutral,-78.02,-18.0,-60.02,None,25638.81,25151.45,24664.08,3.8754,Inside Band,-3.0531,25669.35,24473.0,-3.17,1.56,268009797.0,0.91,0,23907.79,0.0,0,0,
2025-07-31,2025,7,Jul-2025,Thursday,31,3,0,1,24642.25,24956.5,24635.0,24768.35,346303628,30477.71,Down,0,-0.3488,-86.7,0.6017,321.5,1.3047,126.1,0.5117,-212.8,-0.8562,24792.48,24936.44,25119.6,,24836.35,24923.77,25024.37,25009.26,0.5896,0.563,0.4691,192.97,37.71,Neutral,-89.64,-32.33,-57.31,None,25620.19,25119.6,24619.01,3.9857,Inside Band,-3.3913,25669.35,24473.0,-3.51,1.21,270653539.0,1.2795,0,24205.09,0.0,0,0,
2025-08-01,2025,8,Aug-2025,Friday,31,3,1,0,24734.9,24784.15,24535.05,24565.35,263357194,24972.45,Down,0,-0.8196,-203.0,-0.2228,249.1,1.0071,-169.55,-0.6855,-33.45,-0.1351,24738.15,24896.14,25074.82,,24746.01,24858.6,24980.66,24991.85,0.5682,0.5893,0.4861,200.11,34.68,Neutral,-113.92,-48.65,-65.27,None,25606.11,25074.82,24543.52,4.2377,Inside Band,-4.1831,25669.35,24473.0,-4.3,0.38,274145819.0,0.9606,0,24498.65,0.0,0,0,
2025-08-04,2025,8,Aug-2025,Monday,32,3,0,0,24596.05,24736.25,24554.0,24722.75,259329477,20372.68,Up,1,0.6407,157.4,0.4165,182.25,0.741,126.7,0.5151,30.7,0.125,24746.52,24859.34,25037.89,,24738.26,24833.9,24956.09,24981.3,0.6203,0.6094,0.5184,201.93,36.34,Neutral,-119.08,-62.74,-56.34,None,25558.64,25037.89,24517.14,4.1597,Inside Band,-3.5691,25669.35,24473.0,-3.69,1.02,277309725.0,0.9352,0,24671.12,0.0,0,0,
2025-08-05,2025,8,Aug-2025,Tuesday,32,3,0,0,24720.25,24733.1,24590.3,24649.55,251849778,23815.36,Down,0,-0.2961,-73.2,0.1192,142.8,0.5777,-70.7,-0.286,-2.5,-0.0101,24712.21,24818.2,24994.24,,24708.69,24800.38,24926.9,24968.29,0.5513,0.6111,0.5112,202.54,34.27,Neutral,-127.61,-75.71,-51.9,None,25489.69,24994.24,24498.79,3.9645,Inside Band,-3.8547,25669.35,24473.0,-3.97,0.72,279381688.0,0.9015,0,24764.52,0.0,0,0,
2025-08-06,2025,8,Aug-2025,Wednesday,32,3,0,0,24641.35,24671.4,24539.2,24574.2,225091071,20559.22,Down,0,-0.3057,-75.35,-0.1868,132.2,0.5365,-67.15,-0.2725,-8.2,-0.0333,24656.04,24753.64,24949.15,,24663.86,24759.26,24893.31,24952.83,0.5315,0.5432,0.5121,202.17,34.76,Neutral,-138.85,-88.34,-50.51,None,25423.67,24949.15,24474.63,3.8039,Inside Band,-4.1486,25669.35,24473.0,-4.27,0.41,278682164.0,0.8077,0,24765.01,0.0,0,0,
2025-08-07,2025,8,Aug-2025,Thursday,32,3,0,0,24464.2,24634.2,24344.15,24596.15,616739190,35574.59,Up,1,0.0893,21.95,-0.0977,290.05,1.1856,131.95,0.5394,-110.0,-0.4476,24621.6,24707.04,24911.19,,24641.29,24729.6,24865.01,24938.84,0.5422,0.5364,0.5105,206.75,38.66,Neutral,-144.32,-99.53,-44.79,None,25370.12,24911.19,24452.26,3.6845,Inside Band,-4.0629,25669.35,24344.15,-4.18,1.04,298538657.0,2.0659,1,25471.97,0.0,0,0,
2025-08-08,2025,8,Aug-2025,Friday,32,3,0,0,24544.25,24585.5,24337.5,24363.3,312630157,38135.74,Down,0,-0.9467,-232.85,-1.0435,248.0,1.0104,-180.95,-0.7372,-51.9,-0.211,24581.19,24659.67,24871.86,,24548.63,24663.0,24817.23,24916.27,0.5835,0.5437,0.5206,208.1,29.25,Oversold,-165.54,-112.74,-52.8,None,25377.15,24871.86,24366.58,4.0631,Below Lower,-4.9712,25669.35,24337.5,-5.09,0.11,301670781.0,1.0363,0,26066.17,0.0,0,0,
2025-08-11,2025,8,Aug-2025,Monday,33,3,0,0,24371.5,24600.85,24347.45,24585.05,241145497,21081.61,Up,1,0.9102,221.75,-0.1428,253.4,1.0397,213.55,0.8762,8.2,0.0337,24553.65,24650.08,24847.0,,24560.77,24648.83,24795.11,24903.28,0.6807,0.6187,0.5716,215.74,37.76,Neutral,-162.58,-122.7,-39.88,None,25357.6,24847.0,24336.41,4.1099,Inside Band,-4.1062,25669.35,24337.5,-4.22,1.02,300751375.0,0.8018,0,25954.44,0.0,0,0,
2025-08-12,2025,8,Aug-2025,Tuesday,33,3,0,0,24563.35,24702.6,24465.65,24487.4,237002462,22258.29,Down,0,-0.3972,-97.65,-0.5394,236.95,0.9646,-75.95,-0.3092,-21.7,-0.0883,24521.22,24616.72,24811.58,25022.97,24536.31,24619.48,24765.81,24886.98,0.6891,0.5884,0.5599,222.09,30.55,Neutral,-166.21,-131.41,-34.8,None,25318.57,24811.58,24304.6,4.0867,Inside Band,-4.4871,25669.35,24337.5,-4.6,0.62,300534491.0,0.7886,0,25903.22,0.0,0,0,Strong Downtrend
2025-08-13,2025,8,Aug-2025,Wednesday,33,3,0,0,24586.2,24664.55,24535.25,24619.35,236006791,22843.14,Up,1,0.5388,131.95,-0.0035,129.3,0.5259,33.15,0.1348,98.8,0.4035,24530.25,24593.14,24781.95,25022.95,24563.99,24619.45,24751.86,24876.48,0.7371,0.6217,0.5788,215.07,38.08,Neutral,-156.62,-136.45,-20.17,None,25258.76,24781.95,24305.13,3.8481,Inside Band,-3.9725,25669.35,24337.5,-4.09,1.16,300894034.0,0.7844,0,25932.65,0.0,0,0,Strong Downtrend
2025-08-14,2025,8,Aug-2025,Thursday,33,3,0,0,24607.25,24673.65,24596.9,24631.3,270162203,22375.44,Up,1,0.0485,11.95,0.0451,76.75,0.3119,24.05,0.0977,-12.1,-0.0491,24537.28,24579.44,24757.94,25020.56,24586.43,24621.61,24740.38,24866.87,0.7366,0.6162,0.576,205.99,43.74,Neutral,-146.38,-138.43,-7.95,None,25212.74,24757.94,24303.14,3.674,Inside Band,-3.9258,25669.35,24337.5,-4.04,1.21,302231518.0,0.8939,0,25815.65,0.0,0,0,Strong Downtrend
2025-08-18,2025,8,Aug-2025,Monday,34,3,0,0,24938.2,25022.0,24852.85,24876.95,363071305,37637.67,Up,1,0.9973,245.65,1.0428,169.15,0.6783,-61.25,-0.2456,306.9,1.246,24640.01,24610.6,24753.37,25018.04,24683.27,24668.03,24753.38,24867.26,0.5902,0.633,0.6134,200.74,55.65,Neutral,-117.09,-134.17,17.08,Bullish,25201.05,24753.37,24305.69,3.6171,Inside Band,-2.9677,25669.35,24337.5,-3.09,2.22,304536092.0,1.1922,0,26380.99,0.0,0,0,Mild Uptrend
2025-08-19,2025,8,Aug-2025,Tuesday,34,3,0,0,24891.35,25012.65,24873.95,24980.65,252340828,24781.97,Up,1,0.4169,103.7,1.464,138.7,0.5572,89.3,0.3588,14.4,0.0579,24719.13,24636.39,24747.86,25015.59,24782.4,24724.87,24775.03,24871.71,0.5254,0.6166,0.6104,192.89,54.7,Neutral,-84.53,-124.24,39.71,None,25180.54,24747.86,24315.19,3.4967,Inside Band,-2.5632,25669.35,24337.5,-2.68,2.64,301892312.0,0.8359,0,26316.98,0.0,0,0,Mild Uptrend
2025-08-20,2025,8,Aug-2025,Wednesday,34,3,0,0,24965.8,25088.7,24929.7,25050.55,287054119,25330.45,Up,1,0.2798,69.9,1.748,159.0,0.6369,84.75,0.3395,-14.85,-0.0594,24831.76,24676.49,24747.35,25014.51,24871.78,24784.09,24801.27,24878.72,0.353,0.6016,0.6135,194.94,55.64,Neutral,-52.49,-109.89,57.4,None,25178.47,24747.35,24316.23,3.4842,Inside Band,-2.2906,25669.35,24337.5,-2.41,2.93,292058762.0,0.9829,0,26021.1,0.0,0,0,Mild Uptrend
2025-08-21,2025,8,Aug-2025,Thursday,34,3,0,0,25142.0,25153.65,25054.9,25083.75,226542052,21865.07,Up,1,0.1325,33.2,1.8828,98.75,0.3928,-58.25,-0.2317,91.45,0.3651,24924.64,24727.44,24740.54,25013.36,24942.44,24838.57,24828.17,24886.76,0.3753,0.5792,0.5962,179.03,59.39,Neutral,-24.13,-92.74,68.61,None,25143.63,24740.54,24337.45,3.2585,Inside Band,-2.1611,25669.35,24337.5,-2.28,3.07,289808882.0,0.7817,0,25962.23,0.0,0,0,Mild Uptrend
2025-08-22,2025,8,Aug-2025,Friday,34,3,0,0,25064.15,25084.85,24859.15,24870.1,210165384,19655.78,Down,0,-0.8517,-213.65,1.015,225.7,0.9005,-194.05,-0.7742,-19.6,-0.0781,24972.4,24754.84,24730.94,25013.0,24918.32,24844.3,24832.16,24886.11,0.6708,0.6698,0.6102,177.36,59.02,Neutral,-18.69,-77.93,59.24,None,25110.23,24730.94,24351.65,3.0673,Inside Band,-2.9944,25669.35,24337.5,-3.11,2.19,283380708.0,0.7416,0,25573.35,0.0,0,0,Mild Uptrend
2025-08-25,2025,8,Aug-2025,Monday,35,3,0,0,24949.15,25021.55,24894.35,24967.75,213032133,19871.25,Up,1,0.3926,97.65,1.4116,127.2,0.5098,18.6,0.0746,79.05,0.3179,24990.56,24815.28,24737.48,25017.98,24934.8,24866.75,24845.08,24889.31,0.5296,0.5591,0.5819,173.42,57.51,Neutral,-6.42,-63.63,57.21,None,25128.78,24737.48,24346.18,3.1636,Inside Band,-2.6135,25669.35,24337.5,-2.73,2.59,280125510.0,0.7605,0,25303.23,0.0,0,0,Mild Uptrend
2025-08-26,2025,8,Aug-2025,Tuesday,35,3,0,0,24899.5,24919.65,24689.6,24712.05,750473927,47068.2,Down,0,-1.0241,-255.7,0.3731,230.05,0.9239,-187.45,-0.7528,-68.25,-0.2734,24936.84,24827.98,24739.04,25013.29,24860.55,24838.62,24832.41,24882.36,0.6699,0.6337,0.6113,179.66,51.72,Neutral,-17.13,-54.33,37.2,None,25129.64,24739.04,24348.43,3.1578,Inside Band,-3.6109,25669.35,24337.5,-3.73,1.54,304542058.0,2.4643,1,26407.81,0.0,0,0,Strong Downtrend
2025-08-28,2025,8,Aug-2025,Thursday,35,3,0,0,24695.8,24702.65,24481.6,24500.9,326601486,29371.67,Down,0,-0.8544,-211.15,-0.4846,221.05,0.8951,-194.9,-0.7892,-16.25,-0.0658,24826.91,24829.34,24723.02,25006.24,24740.67,24777.22,24800.84,24867.4,0.6526,0.6843,0.6253,186.0,48.12,Neutral,-42.17,-51.9,9.73,None,25125.53,24723.02,24320.52,3.2561,Inside Band,-4.4345,25669.35,24337.5,-4.55,0.67,306639270.0,1.0651,0,26578.68,0.0,0,0,Strong Downtrend
2025-08-29,2025,8,Aug-2025,Friday,35,3,0,0,24466.7,24572.45,24404.7,24426.85,325543583,26796.69,Down,0,-0.3022,-74.05,-0.7853,167.75,0.6856,-39.85,-0.1629,-34.2,-0.1396,24695.53,24810.08,24701.62,24998.54,24636.06,24713.51,24765.22,24850.12,0.5823,0.6632,0.6257,177.27,45.77,Neutral,-67.22,-54.96,-12.26,Bearish,25119.8,24701.62,24283.43,3.3859,Inside Band,-4.7233,25669.35,24337.5,-4.84,0.37,310722113.0,1.0477,0,26742.25,0.0,0,0,Strong Downtrend
2025-09-01,2025,9,Sep-2025,Monday,36,3,1,0,24432.7,24635.6,24432.7,24625.05,229327424,20704.88,Up,1,0.8114,198.2,0.0197,202.9,0.8304,192.35,0.7873,5.85,0.0239,24646.52,24809.46,24694.45,24995.18,24632.39,24697.43,24751.87,24841.3,0.7893,0.7205,0.6531,174.05,56.66,Neutral,-70.26,-58.02,-12.24,None,25112.73,24694.45,24276.17,3.3876,Inside Band,-3.9502,25669.35,24337.5,-4.07,1.18,304873303.0,0.7522,0,26253.61,0.0,0,0,Strong Downtrend
2025-09-02,2025,9,Sep-2025,Tuesday,36,3,0,0,24653.0,24756.1,24522.35,24579.6,271558516,22051.8,Down,0,-0.1846,-45.45,-0.1649,233.75,0.9482,-73.4,-0.2977,27.95,0.1135,24568.89,24779.72,24695.16,24984.52,24614.79,24676.01,24735.46,24831.03,0.7211,0.63,0.6275,172.64,49.85,Neutral,-75.47,-61.51,-13.96,None,25112.57,24695.16,24277.76,3.3805,Inside Band,-4.1275,25669.35,24337.5,-4.25,0.99,305283369.0,0.8895,0,26107.58,0.0,0,0,Strong Downtrend
2025-09-03,2025,9,Sep-2025,Wednesday,36,3,0,0,24616.5,24737.05,24533.2,24715.05,340283328,23533.08,Up,1,0.5511,135.45,0.3853,203.85,0.8281,98.55,0.4003,36.9,0.1501,24569.49,24753.16,24694.78,24979.38,24648.21,24683.11,24733.52,24826.49,0.6741,0.6439,0.623,170.28,56.23,Neutral,-67.89,-62.79,-5.1,None,25112.09,24694.78,24277.47,3.3797,Inside Band,-3.5992,25669.35,24337.5,-3.72,1.55,309331062.0,1.1001,0,26265.6,0.0,0,0,Mild Uptrend
2025-09-04,2025,9,Sep-2025,Thursday,36,3,0,0,24980.75,24980.75,24708.2,24734.3,314094160,30252.19,Up,1,0.0779,19.25,0.4634,272.55,1.091,-246.45,-0.9866,265.7,1.0751,24616.17,24721.54,24699.02,24973.18,24676.91,24692.41,24733.59,24822.87,0.4774,0.6336,0.6192,180.51,53.35,Neutral,-59.64,-62.16,2.52,Bullish,25116.11,24699.02,24281.92,3.3774,Inside Band,-3.5241,25669.35,24337.5,-3.64,1.63,312443281.0,1.0053,0,26587.44,0.0,0,0,Mild Uptrend
2025-09-05,2025,9,Sep-2025,Friday,36,3,0,0,24818.85,24832.35,24621.6,24741.0,210071924,18530.24,Up,1,0.0271,6.7,0.4907,210.75,0.8492,-77.85,-0.3137,84.55,0.3418,24679.0,24687.26,24707.36,24963.11,24698.27,24701.25,24734.3,24819.66,0.4104,0.6297,0.6145,190.08,53.21,Neutral,-51.96,-60.12,8.16,None,25120.6,24707.36,24294.11,3.3451,Inside Band,-3.498,25669.35,24337.5,-3.62,1.66,311692323.0,0.674,0,26485.99,0.0,0,0,Mild Uptrend
2025-09-08,2025,9,Sep-2025,Monday,37,3,0,0,24802.6,24885.5,24751.55,24773.15,213228202,20122.88,Up,1,0.1299,32.15,0.6212,133.95,0.5401,-29.45,-0.1187,61.6,0.249,24708.62,24677.57,24716.2,24947.59,24723.23,24714.32,24738.0,24817.84,0.2688,0.5802,0.6148,187.57,46.53,Neutral,-42.79,-56.65,13.86,None,25126.99,24716.2,24305.42,3.324,Inside Band,-3.3726,25669.35,24337.5,-3.49,1.79,291516774.0,0.7314,0,25713.4,0.0,0,0,Mild Uptrend
2025-09-09,2025,9,Sep-2025,Tuesday,37,3,0,0,24864.1,24891.8,24814.0,24868.6,226919775,22356.88,Up,1,0.3853,95.45,1.0089,77.8,0.3129,4.5,0.0181,90.95,0.3671,24766.42,24667.66,24741.47,24932.2,24771.69,24742.37,24750.44,24819.83,0.2244,0.5796,0.5733,183.22,46.23,Neutral,-27.5,-50.82,23.32,None,25121.9,24741.47,24361.04,3.0752,Inside Band,-3.0003,25669.35,24337.5,-3.12,2.18,287231255.0,0.79,0,24924.46,0.0,0,0,Mild Uptrend
2025-09-10,2025,9,Sep-2025,Wednesday,37,3,0,0,24991.0,25035.7,24915.05,24973.1,244146466,22458.98,Up,1,0.4202,104.5,1.4334,120.65,0.4828,-17.9,-0.0716,122.4,0.4922,24818.03,24693.76,24760.87,24921.33,24838.83,24784.32,24771.64,24825.84,0.1818,0.4777,0.5469,180.48,47.46,Neutral,-6.88,-42.03,35.15,None,25147.25,24760.87,24374.49,3.1209,Inside Band,-2.5927,25669.35,24337.5,-2.71,2.61,287381303.0,0.8496,0,24993.33,0.0,0,0,Mild Uptrend
2025-09-11,2025,9,Sep-2025,Thursday,37,3,0,0,24945.5,25037.3,24940.15,25005.5,224570983,21316.72,Up,1,0.1297,32.4,1.565,97.15,0.3894,60.0,0.2405,-27.6,-0.1105,24872.27,24744.22,24786.78,24910.6,24894.38,24824.54,24793.91,24832.88,0.1738,0.339,0.5352,180.36,47.43,Neutral,11.95,-31.24,43.19,None,25165.35,24786.78,24408.21,3.0546,Inside Band,-2.4663,25669.35,24337.5,-2.59,2.74,286759729.0,0.7831,0,24946.25,0.0,0,0,Mild Uptrend
2025-09-12,2025,9,Sep-2025,Friday,37,3,0,0,25074.45,25139.45,25038.05,25114.0,225739766,21335.67,Up,1,0.4339,108.5,2.0057,101.4,0.4044,39.55,0.1577,68.95,0.2757,24946.87,24812.94,24811.51,24903.81,24967.59,24877.17,24824.4,24843.91,0.1562,0.2936,0.5313,171.49,58.61,Neutral,35.22,-17.95,53.17,None,25208.22,24811.51,24414.8,3.1978,Inside Band,-2.0431,25669.35,24337.5,-2.16,3.19,286246378.0,0.7886,0,24870.88,0.0,0,0,Mild Uptrend
2025-09-15,2025,9,Sep-2025,Monday,38,3,0,0,25118.9,25138.45,25048.75,25069.2,185375759,17115.6,Down,0,-0.1784,-44.8,1.8237,89.7,0.3571,-49.7,-0.1979,4.9,0.0195,25006.08,24857.35,24833.4,24897.09,25001.46,24912.08,24847.71,24852.74,0.2638,0.2587,0.5349,168.81,53.72,Neutral,49.47,-4.46,53.93,None,25236.52,24833.4,24430.29,3.2466,Inside Band,-2.2178,25669.35,24337.5,-2.34,3.01,282007056.0,0.6573,0,24607.88,0.0,0,0,Mild Uptrend
2025-09-16,2025,9,Sep-2025,Tuesday,38,3,0,0,25073.6,25261.4,25070.45,25239.1,240122320,22642.86,Up,1,0.6777,169.9,2.5138,190.95,0.7616,165.5,0.6601,4.4,0.0176,25080.18,24923.3,24851.51,24892.65,25080.67,24971.54,24884.99,24867.89,0.329,0.2675,0.5105,166.01,70.62,Overbought,73.63,11.16,62.47,None,25293.53,24851.51,24409.5,3.5572,Inside Band,-1.5551,25669.35,24337.5,-1.68,3.7,275859607.0,0.8705,0,23858.14,0.0,0,0,Mild Uptrend
2025-09-17,2025,9,Sep-2025,Wednesday,38,3,0,0,25276.6,25346.5,25275.35,25330.25,268936695,23484.12,Up,1,0.3611,91.15,2.884,71.15,0.2815,53.65,0.2123,37.5,0.1486,25151.61,24984.82,24868.99,24890.03,25163.87,25036.76,24927.39,24886.03,0.3244,0.2512,0.5087,155.31,85.81,Overbought,98.99,28.72,70.27,None,25357.69,24868.99,24380.29,3.9302,Inside Band,-1.1996,25669.35,24337.5,-1.32,4.08,276689400.0,0.972,0,23793.25,0.0,0,0,Mild Uptrend
2025-09-18,2025,9,Sep-2025,Thursday,38,3,0,0,25441.05,25448.55,25329.75,25423.6,272193683,24198.11,Up,1,0.3685,93.35,3.2632,118.8,0.467,-17.45,-0.0686,110.8,0.4374,25235.23,25053.75,24887.64,24888.05,25250.44,25107.09,24974.65,24907.11,0.3133,0.2463,0.511,151.81,92.33,Overbought,125.17,48.01,77.16,None,25430.95,24887.64,24344.34,4.3661,Inside Band,-0.8355,25669.35,24337.5,-0.96,4.46,275946378.0,0.9864,0,23736.63,0.0,0,0,Mild Uptrend
2025-09-19,2025,9,Sep-2025,Friday,38,3,0,0,25410.2,25431.4,25286.3,25327.05,380362832,38805.58,Down,0,-0.3798,-96.55,2.871,145.1,0.571,-83.15,-0.3272,-13.4,-0.0527,25277.84,25112.36,24899.81,24885.07,25275.98,25147.09,25008.21,24923.57,0.4351,0.3157,0.5207,147.68,82.63,Overbought,136.56,65.72,70.84,None,25471.74,24899.81,24327.88,4.5939,Inside Band,-1.2121,25669.35,24337.5,-1.33,4.07,283637417.0,1.341,0,24583.66,1.0,1,0,Strong Uptrend
2025-09-22,2025,9,Sep-2025,Monday,39,3,0,0,25238.1,25331.7,25151.05,25202.35,254509892,25277.82,Down,0,-0.4924,-124.7,2.3645,180.65,0.7158,-35.75,-0.1417,-88.95,-0.3512,25304.47,25155.28,24916.42,24882.01,25251.44,25157.13,25026.7,24934.51,0.5135,0.391,0.4935,143.89,76.96,Overbought,133.98,79.37,54.61,None,25503.82,24916.42,24329.03,4.7149,Inside Band,-1.6985,25669.35,24337.5,-1.82,3.55,285854643.0,0.8903,0,24864.76,1.0,0,0,Strong Uptrend
2025-09-23,2025,9,Sep-2025,Tuesday,39,3,0,0,25209.0,25261.9,25084.65,25169.5,299204338,31435.17,Down,0,-0.1303,-32.85,2.2311,177.25,0.7031,-39.5,-0.1567,6.65,0.0264,25290.55,25185.36,24926.51,24882.41,25224.12,25159.38,25040.3,24943.72,0.4047,0.3939,0.4892,141.99,71.59,Overbought,127.81,89.06,38.75,None,25524.45,24926.51,24328.57,4.7976,Inside Band,-1.8266,25669.35,24337.5,-1.95,3.42,290163253.0,1.0312,0,25442.96,1.0,0,0,Strong Uptrend
2025-09-24,2025,9,Sep-2025,Wednesday,39,3,0,0,25108.75,25149.85,25027.45,25056.9,244382281,22310.05,Down,0,-0.4474,-112.6,1.7737,122.4,0.4875,-51.85,-0.2065,-60.75,-0.2414,25235.88,25193.75,24943.75,24881.9,25168.38,25140.75,25041.88,24948.16,0.3556,0.4156,0.4373,131.26,64.08,Neutral,112.54,93.76,18.78,None,25535.51,24943.75,24352.0,4.7447,Inside Band,-2.2658,25669.35,24337.5,-2.39,2.96,264858671.0,0.9227,0,24205.05,1.0,0,0,Strong Uptrend
2025-09-25,2025,9,Sep-2025,Thursday,39,3,0,0,25034.5,25092.7,24878.3,24890.85,342534768,32715.91,Down,0,-0.6627,-166.05,1.0993,214.4,0.8564,-143.65,-0.5738,-22.4,-0.0894,25129.33,25182.28,24963.25,24875.8,25075.87,25095.31,25027.5,24945.91,0.1939,0.4677,0.4176,131.53,55.74,Neutral,86.04,92.21,-6.17,Bearish,25518.12,24963.25,24408.38,4.4455,Inside Band,-2.9135,25669.35,24337.5,-3.03,2.27,265655335.0,1.2894,0,24372.26,1.0,0,0,Mild Downtrend
2025-09-26,2025,9,Sep-2025,Friday,39,3,0,0,24818.55,24868.6,24629.45,24654.7,291537949,29987.93,Down,0,-0.9487,-236.15,0.1401,239.15,0.9636,-163.85,-0.6602,-72.3,-0.2905,24994.86,25136.35,24974.64,24864.65,24935.48,25015.2,24991.99,24934.49,0.3003,0.5126,0.4705,139.04,46.08,Neutral,45.47,82.86,-37.39,None,25491.17,24974.64,24458.12,4.1364,Inside Band,-3.8346,25669.35,24337.5,-3.95,1.3,263955053.0,1.1045,0,24531.82,1.0,0,0,Mild Downtrend
2025-09-29,2025,9,Sep-2025,Monday,40,3,0,0,24728.55,24791.3,24606.2,24634.9,394388242,40004.93,Down,0,-0.0803,-19.8,0.0597,185.1,0.7485,-93.65,-0.3787,73.85,0.2995,24881.37,25092.92,24975.14,24855.12,24835.29,24946.06,24957.99,24922.74,0.365,0.5136,0.4352,146.7,41.85,Neutral,11.58,68.61,-57.03,None,25490.27,24975.14,24460.0,4.1252,Inside Band,-3.9118,25669.35,24337.5,-4.03,1.22,272208094.0,1.4488,0,25496.83,1.0,0,0,Mild Downtrend
2025-09-30,2025,9,Sep-2025,Tuesday,40,3,0,1,24691.95,24731.8,24587.7,24611.1,304924720,29285.11,Down,0,-0.0966,-23.8,-0.037,144.1,0.5836,-80.85,-0.3274,57.05,0.2316,24769.69,25030.12,24976.71,24847.98,24760.56,24885.15,24924.95,24910.52,0.3727,0.4211,0.4336,148.38,36.62,Neutral,-17.0,51.49,-68.49,None,25486.93,24976.71,24466.49,4.0856,Inside Band,-4.0046,25669.35,24337.5,-4.12,1.12,273876404.0,1.1134,0,25858.49,1.0,0,0,Mild Downtrend
2025-10-01,2025,10,Oct-2025,Wednesday,40,4,1,0,24620.55,24867.95,24605.95,24836.3,308135228,29041.17,Up,1,0.915,225.2,0.8777,262.0,1.0642,215.75,0.8763,9.45,0.0384,24725.57,24980.72,24982.77,24842.89,24785.81,24876.27,24916.51,24907.61,0.7141,0.5323,0.4642,160.15,44.53,Neutral,-21.24,36.94,-58.18,None,25482.68,24982.77,24482.87,4.002,Inside Band,-3.1262,25669.35,24337.5,-3.25,2.05,272268999.0,1.1317,0,26133.9,1.0,0,0,Mild Downtrend
2025-10-03,2025,10,Oct-2025,Friday,40,4,0,0,24759.55,24904.8,24747.55,24894.25,366929642,31409.06,Up,1,0.2333,57.95,1.1131,157.25,0.6351,134.7,0.544,-76.75,-0.309,24726.25,24927.79,24990.77,24839.56,24821.95,24879.54,24914.39,24907.09,0.6722,0.5179,0.4664,164.14,42.65,Neutral,-19.69,25.61,-45.3,None,25478.91,24990.77,24502.63,3.9066,Inside Band,-2.9002,25669.35,24337.5,-3.02,2.29,274910773.0,1.3347,0,26191.74,1.0,0,0,Mild Downtrend
2025-10-06,2025,10,Oct-2025,Monday,41,4,0,0,24916.55,25095.95,24881.65,25077.65,271953070,25160.76,Up,1,0.7367,183.4,1.858,214.3,0.8601,161.1,0.6466,22.3,0.0896,24810.84,24902.85,25007.6,24836.71,24907.19,24915.56,24929.94,24913.78,0.4655,0.592,0.4922,173.04,50.26,Neutral,-3.62,19.77,-23.39,None,25482.52,25007.6,24532.68,3.7982,Inside Band,-2.1849,25669.35,24337.5,-2.31,3.04,278004831.0,0.9782,0,26523.27,1.0,0,0,Strong Uptrend
2025-10-07,2025,10,Oct-2025,Tuesday,41,4,0,0,25085.3,25220.9,25076.3,25108.3,286833765,26176.23,Up,1,0.1222,30.65,1.9825,144.6,0.5764,23.0,0.0917,7.65,0.0305,24905.52,24893.44,25024.36,24837.63,24974.22,24950.6,24946.92,24921.41,0.4268,0.5782,0.4922,169.73,45.62,Neutral,11.45,18.1,-6.65,None,25487.96,25024.36,24560.76,3.7052,Inside Band,-2.0653,25669.35,24337.5,-2.19,3.17,281685109.0,1.0183,0,26825.93,1.0,0,0,Strong Uptrend
2025-10-08,2025,10,Oct-2025,Wednesday,41,4,0,0,25079.75,25192.5,25008.5,25046.15,225967495,21701.19,Down,0,-0.2475,-62.15,1.7301,184.0,0.7337,-33.6,-0.134,-28.55,-0.1137,24992.53,24881.11,25033.24,24841.82,24998.2,24967.98,24956.37,24926.3,0.4721,0.5815,0.4911,177.79,40.31,Neutral,18.17,18.12,0.05,Bullish,25491.05,25033.24,24575.43,3.6576,Inside Band,-2.3077,25669.35,24337.5,-2.43,2.91,281637495.0,0.8023,0,26793.15,1.0,0,0,Strong Uptrend
2025-10-09,2025,10,Oct-2025,Thursday,41,4,0,0,25074.3,25199.25,25024.3,25181.8,286253252,22617.86,Up,1,0.5416,135.65,2.2811,174.95,0.6977,107.5,0.4287,28.15,0.1124,25061.63,24893.6,25043.67,24851.84,25059.4,25006.85,24977.84,24936.32,0.3816,0.59,0.4968,181.8,41.98,Neutral,34.05,21.3,12.75,None,25505.21,25043.67,24582.14,3.6858,Inside Band,-1.7786,25669.35,24337.5,-1.9,3.47,283742834.0,1.0088,0,26801.09,1.0,0,0,Strong Uptrend
2025-10-10,2025,10,Oct-2025,Friday,41,4,0,0,25167.65,25330.75,25156.85,25285.35,232943306,21749.23,Up,1,0.4112,103.55,2.7016,173.9,0.691,117.7,0.4677,-14.15,-0.0562,25139.85,24933.05,25057.66,24861.12,25134.72,25057.49,25007.13,24950.0,0.3847,0.5413,0.5033,183.86,48.62,Neutral,54.37,27.92,26.45,None,25531.14,25057.66,24584.19,3.7791,Inside Band,-1.3747,25669.35,24337.5,-1.5,3.89,284161450.0,0.8198,0,26822.72,1.0,0,0,Strong Uptrend
2025-10-13,2025,10,Oct-2025,Monday,42,4,0,0,25177.3,25267.3,25152.3,25227.35,234285202,20806.83,Down,0,-0.2294,-58.0,2.4661,115.0,0.4568,50.05,0.1988,-108.05,-0.4273,25169.79,24990.32,25063.33,24868.57,25165.59,25088.37,25028.1,24960.88,0.3605,0.4096,0.499,179.17,50.86,Neutral,65.04,35.34,29.7,None,25542.33,25063.33,24584.33,3.8223,Inside Band,-1.601,25669.35,24337.5,-1.72,3.66,284588722.0,0.8232,0,26796.28,1.0,0,0,Strong Uptrend
2025-10-14,2025,10,Oct-2025,Tuesday,42,4,0,0,25277.55,25310.35,25060.55,25145.5,292129083,24151.97,Down,0,-0.3244,-81.85,2.1336,249.8,0.9882,-132.05,-0.5224,50.2,0.199,25177.23,25041.38,25067.15,24876.11,25158.9,25098.76,25039.28,24968.12,0.4114,0.4365,0.5031,184.35,49.2,Neutral,66.13,41.5,24.63,None,25547.56,25067.15,24586.74,3.833,Inside Band,-1.9202,25669.35,24337.5,-2.04,3.32,289926388.0,1.0076,0,27148.09,1.0,0,0,Strong Uptrend
2025-10-15,2025,10,Oct-2025,Wednesday,42,4,0,0,25181.95,25365.15,25159.35,25323.55,289930172,25202.02,Up,1,0.7081,178.05,2.8568,205.8,0.8173,141.6,0.5623,36.45,0.145,25232.71,25112.62,25071.37,24891.27,25213.78,25139.63,25066.36,24982.06,0.4681,0.4485,0.5053,190.31,58.53,Neutral,80.43,49.29,31.14,None,25559.56,25071.37,24583.18,3.8944,Inside Band,-1.2257,25669.35,24337.5,-1.35,4.05,292416781.0,0.9915,0,27276.05,1.0,0,0,Strong Uptrend
2025-10-16,2025,10,Oct-2025,Thursday,42,4,0,0,25394.9,25625.4,25376.85,25585.3,372777021,32008.64,Up,1,1.0336,261.75,3.92,248.55,0.9787,190.4,0.7498,71.35,0.2818,25313.41,25187.52,25084.12,24908.52,25337.62,25220.66,25115.78,25005.72,0.5885,0.4681,0.5497,192.75,70.94,Overbought,111.6,61.75,49.85,None,25612.46,25084.12,24555.78,4.2125,Inside Band,-0.2048,25669.35,24337.5,-0.33,5.13,297608797.0,1.2526,0,27702.28,1.0,0,0,Strong Uptrend
2025-10-17,2025,10,Oct-2025,Friday,42,4,0,0,25546.85,25781.5,25508.6,25709.85,422055809,35106.96,Up,1,0.4868,124.55,4.4258,272.9,1.0682,163.0,0.638,-38.45,-0.1503,25398.31,25269.08,25098.44,24929.73,25461.7,25309.6,25172.36,25033.33,0.5924,0.471,0.554,195.16,84.12,Overbought,144.68,78.33,66.35,None,25678.48,25098.44,24518.39,4.6222,Above Upper,0.0,25781.5,24337.5,-0.28,5.64,305101903.0,1.3833,0,28247.72,1.0,0,0,Strong Uptrend
2025-10-20,2025,10,Oct-2025,Monday,43,4,0,0,25824.6,25926.2,25788.5,25843.15,301133193,29637.12,Up,1,0.5185,133.3,4.9673,137.7,0.5332,18.55,0.0718,114.75,0.4463,25521.47,25345.63,25124.24,24955.11,25588.85,25406.61,25236.24,25065.09,0.5018,0.4546,0.5531,191.78,86.4,Overbought,179.59,98.59,81.0,None,25787.11,25124.24,24461.37,5.2767,Above Upper,0.0,25926.2,24337.5,-0.32,6.19,301140421.0,1.0,0,27789.3,1.0,0,0,Strong Uptrend
2025-10-21,2025,10,Oct-2025,Tuesday,43,4,0,0,25901.2,25934.35,25825.8,25868.6,42477128,3831.1,Up,1,0.0985,25.45,5.0706,108.55,0.4191,-32.6,-0.1259,58.05,0.2246,25666.09,25421.66,25157.55,24980.56,25682.1,25490.61,25296.47,25096.6,0.3413,0.4557,0.5351,189.24,87.84,Overbought,206.92,120.25,86.67,None,25899.23,25157.55,24415.87,5.8963,Inside Band,0.0,25934.35,24337.5,-0.25,6.29,290538783.0,0.1462,0,26716.96,1.0,0,0,Strong Uptrend
2025-10-23,2025,10,Oct-2025,Thursday,43,4,0,0,26057.2,26104.2,25862.45,25891.4,448404894,41777.68,Up,1,0.0881,22.8,5.1632,241.75,0.9278,-165.8,-0.6363,188.6,0.7291,25779.66,25506.18,25193.65,25011.12,25751.87,25563.48,25353.13,25127.77,0.3876,0.422,0.5317,187.79,86.16,Overbought,227.79,141.76,86.03,None,26004.79,25193.65,24382.51,6.4392,Inside Band,0.0,26104.2,24337.5,-0.82,6.38,297998811.0,1.5047,1,27234.09,1.0,0,0,Strong Uptrend
2025-10-24,2025,10,Oct-2025,Friday,43,4,0,0,25935.1,25944.15,25718.2,25795.15,284913477,23527.98,Down,0,-0.3717,-96.25,4.7723,225.95,0.8712,-139.95,-0.5396,43.7,0.1688,25821.63,25567.52,25230.56,25035.32,25766.29,25605.6,25395.22,25153.94,0.3629,0.4682,0.5275,192.7,80.08,Overbought,233.88,160.18,73.7,None,26081.7,25230.56,24379.42,6.7469,Inside Band,-0.3717,26104.2,24337.5,-1.18,5.99,300025371.0,0.9496,0,27294.98,1.0,0,0,Strong Uptrend
2025-10-27,2025,10,Oct-2025,Monday,44,4,0,0,25843.2,26005.95,25827.0,25966.05,266337274,23989.06,Up,1,0.6625,170.9,5.4664,178.95,0.6924,122.85,0.4754,48.05,0.1863,25872.87,25635.59,25284.32,25064.9,25832.88,25671.14,25449.59,25185.79,0.4078,0.4848,0.5032,190.17,79.91,Overbought,249.61,178.07,71.54,None,26179.79,25284.32,24388.85,7.0832,Inside Band,0.0,26104.2,24337.5,-0.53,6.69,296215496.0,0.8991,0,26858.64,1.0,0,0,Strong Uptrend
2025-10-28,2025,10,Oct-2025,Tuesday,44,4,0,0,25939.95,26041.7,25810.05,25936.2,395231207,37023.32,Down,0,-0.115,-29.85,5.3452,231.65,0.893,-3.75,-0.0145,-26.1,-0.1005,25891.48,25706.48,25348.4,25091.23,25867.32,25719.33,25495.93,25215.21,0.3813,0.4729,0.4313,196.39,77.89,Overbought,256.71,193.8,62.91,None,26237.54,25348.4,24459.25,7.0154,Inside Band,-0.115,26104.2,24337.5,-0.64,6.57,301400159.0,1.3113,0,27210.41,1.0,0,0,Strong Uptrend
2025-10-29,2025,10,Oct-2025,Wednesday,44,4,0,0,25982.0,26097.85,25960.3,26053.9,321880610,26309.32,Up,1,0.4538,117.7,5.8233,137.55,0.5294,71.9,0.2767,45.8,0.1766,25928.54,25797.32,25419.34,25119.68,25929.51,25780.16,25549.07,25248.1,0.4186,0.4242,0.426,193.07,82.73,Overbought,268.73,208.78,59.95,None,26295.13,25419.34,24543.56,6.8907,Inside Band,0.0,26104.2,24337.5,-0.19,7.05,297774777.0,1.081,0,26525.63,1.0,0,0,Strong Uptrend
2025-10-30,2025,10,Oct-2025,Thursday,44,4,0,0,25984.4,26032.05,25845.25,25877.85,257373001,24180.46,Down,0,-0.6757,-176.05,5.1082,186.8,0.7189,-106.55,-0.4101,-69.5,-0.2668,25925.83,25852.74,25482.68,25139.7,25912.29,25797.92,25580.38,25272.8,0.5596,0.5131,0.4704,193.92,72.03,Overbought,261.05,219.24,41.81,None,26293.14,25482.68,24672.23,6.3608,Inside Band,-0.6757,26104.2,24337.5,-0.87,6.33,295397191.0,0.8713,0,26270.4,1.0,0,0,Strong Uptrend
2025-10-31,2025,10,Oct-2025,Friday,44,4,0,1,25863.8,25953.75,25711.2,25722.1,334384400,28788.4,Down,0,-0.6019,-155.75,4.4756,242.55,0.9378,-141.7,-0.5479,-14.05,-0.0543,25911.22,25866.42,25526.97,25154.53,25848.89,25784.14,25593.88,25290.42,0.6045,0.4841,0.4801,198.82,63.38,Neutral,239.63,223.32,16.31,None,26283.73,25526.97,24770.21,5.9291,Inside Band,-1.2735,26104.2,24337.5,-1.46,5.69,296709650.0,1.127,0,26257.76,1.0,0,0,Strong Uptrend
2025-11-03,2025,11,Nov-2025,Monday,45,4,0,0,25696.85,25803.1,25645.5,25763.35,275858501,23949.88,Up,1,0.1604,41.25,4.6431,157.6,0.6133,66.5,0.2588,-25.25,-0.0982,25870.68,25871.78,25570.43,25168.79,25820.38,25780.36,25610.02,25308.96,0.4854,0.4622,0.4799,201.86,66.59,Neutral,223.41,223.33,0.08,None,26272.01,25570.43,24868.85,5.4874,Inside Band,-1.1152,26104.2,24337.5,-1.31,5.86,292156093.0,0.9442,0,25884.8,1.0,0,0,Strong Uptrend
2025-11-04,2025,11,Nov-2025,Tuesday,45,4,0,0,25744.75,25787.4,25578.4,25597.65,305143084,29307.41,Down,0,-0.6432,-165.7,3.9701,209.0,0.8118,-147.1,-0.5714,-18.6,-0.0722,25802.97,25847.22,25596.43,25179.06,25746.14,25747.14,25608.84,25320.29,0.5298,0.4694,0.4936,198.95,63.3,Neutral,194.93,217.65,-22.72,Bearish,26258.55,25596.43,24934.31,5.1735,Inside Band,-1.7512,26104.2,24337.5,-1.94,5.18,293815594.0,1.0386,0,26092.13,1.0,0,0,Strong Uptrend
2025-11-06,2025,11,Nov-2025,Thursday,45,4,0,0,25593.35,25679.15,25491.55,25509.7,371852417,36129.62,Down,0,-0.3436,-87.95,3.6129,187.6,0.733,-83.65,-0.3268,-4.3,-0.0168,25694.13,25811.34,25616.5,25191.86,25667.32,25703.97,25599.4,25327.71,0.3503,0.47,0.5035,197.65,55.78,Neutral,163.39,206.8,-43.41,None,26239.5,25616.5,24993.5,4.8641,Inside Band,-2.0887,26104.2,24337.5,-2.28,4.82,298066526.0,1.2475,0,26589.8,1.0,0,0,Mild Downtrend
2025-11-07,2025,11,Nov-2025,Friday,45,4,0,0,25433.8,25551.25,25318.45,25492.3,305606393,35487.0,Down,0,-0.0682,-17.4,3.5422,232.8,0.9153,58.5,0.23,-75.9,-0.2975,25617.02,25771.42,25638.8,25202.35,25608.98,25665.48,25589.2,25334.17,0.3451,0.4642,0.499,196.53,46.59,Neutral,135.42,192.52,-57.1,None,26205.2,25638.8,25072.41,4.4183,Inside Band,-2.1555,26104.2,24337.5,-2.34,4.74,302048471.0,1.0118,0,27279.09,1.0,0,0,Mild Downtrend
2025-11-10,2025,11,Nov-2025,Monday,46,4,0,0,25503.5,25653.45,25503.5,25574.35,243592948,25023.65,Up,1,0.3219,82.05,3.8755,149.95,0.588,70.85,0.2778,11.2,0.0439,25587.47,25749.34,25658.43,25219.59,25597.44,25648.91,25587.79,25343.59,0.3873,0.4796,0.4908,187.74,44.88,Neutral,118.51,177.72,-59.21,None,26183.87,25658.43,25133.0,4.0956,Inside Band,-1.8406,26104.2,24337.5,-2.03,5.08,299915456.0,0.8122,0,27399.38,1.0,0,0,Mild Downtrend
2025-11-11,2025,11,Nov-2025,Tuesday,46,4,0,0,25617.0,25715.8,25449.25,25694.95,297714069,28285.51,Up,1,0.4716,120.6,4.3653,266.55,1.0405,77.95,0.3043,42.65,0.1668,25573.79,25722.24,25678.91,25243.48,25629.94,25657.28,25597.99,25357.37,0.4606,0.4494,0.4932,196.95,44.34,Neutral,113.54,164.89,-51.35,None,26174.18,25678.91,25183.64,3.8574,Inside Band,-1.3777,26104.2,24337.5,-1.57,5.58,303153994.0,0.9821,0,27726.2,1.0,0,0,Strong Uptrend
2025-11-12,2025,11,Nov-2025,Wednesday,46,4,0,0,25834.3,25934.55,25781.15,25875.8,343864299,30633.19,Up,1,0.7038,180.85,5.0999,153.4,0.5938,41.5,0.1606,139.35,0.5423,25629.42,25716.2,25711.34,25272.45,25711.89,25697.01,25624.45,25377.7,0.4208,0.5168,0.5062,200.15,50.25,Neutral,122.77,156.46,-33.69,None,26165.32,25711.34,25257.35,3.5314,Inside Band,-0.6836,26104.2,24337.5,-0.87,6.32,308632949.0,1.1142,0,28217.51,1.0,0,0,Strong Uptrend
2025-11-13,2025,11,Nov-2025,Thursday,46,4,0,0,25906.1,26010.7,25808.4,25879.15,385170023,30145.74,Up,1,0.0129,3.35,5.1135,202.3,0.7809,-26.95,-0.104,30.3,0.1171,25703.31,25698.72,25748.02,25297.54,25767.65,25730.13,25648.71,25397.36,0.3203,0.4897,0.4958,197.33,49.58,Neutral,128.87,150.94,-22.07,None,26120.79,25748.02,25375.25,2.8955,Inside Band,-0.6707,26104.2,24337.5,-0.86,6.33,313284996.0,1.2295,0,28517.2,1.0,0,0,Strong Uptrend
2025-11-14,2025,11,Nov-2025,Friday,46,4,0,0,25767.9,25940.2,25740.8,25910.05,518943416,33121.81,Up,1,0.1194,30.9,5.239,199.4,0.7738,142.15,0.5517,-111.25,-0.4299,25786.86,25701.94,25777.34,25324.14,25815.11,25762.84,25673.6,25417.47,0.276,0.442,0.4778,195.44,54.16,Neutral,134.65,147.69,-13.04,None,26098.18,25777.34,25456.51,2.4893,Inside Band,-0.5521,26104.2,24337.5,-0.74,6.46,324735658.0,1.598,1,28913.19,1.0,0,0,Strong Uptrend
2025-11-17,2025,11,Nov-2025,Monday,47,4,0,0,25948.2,26024.2,25906.35,26013.45,264610565,23384.35,Up,1,0.3991,103.4,5.659,117.85,0.4542,65.25,0.2515,38.15,0.1472,25874.68,25731.08,25798.75,25350.11,25881.23,25808.41,25705.96,25440.84,0.2778,0.3984,0.4325,191.07,51.81,Neutral,145.89,147.33,-1.44,None,26122.75,25798.75,25474.75,2.5117,Inside Band,-0.1553,26104.2,24337.5,-0.35,6.89,319327335.0,0.8286,0,28481.98,1.0,0,0,Strong Uptrend
2025-11-18,2025,11,Nov-2025,Tuesday,47,4,0,0,26021.8,26029.85,25876.5,25910.05,280000989,26059.6,Down,0,-0.3975,-103.4,5.239,153.35,0.5893,-111.75,-0.4294,8.35,0.0321,25917.7,25745.74,25808.76,25373.63,25890.83,25826.89,25725.4,25459.24,0.4143,0.429,0.4344,185.48,49.06,Neutral,144.78,146.82,-2.04,None,26133.56,25808.76,25483.96,2.517,Inside Band,-0.5521,26104.2,24337.5,-0.74,6.46,312224594.0,0.8968,0,28029.61,1.0,0,0,Strong Uptrend
2025-11-19,2025,11,Nov-2025,Wednesday,47,4,0,0,25918.1,26074.65,25856.2,26052.65,250110008,24496.86,Up,1,0.5504,142.6,5.8182,218.45,0.8428,134.55,0.5191,8.05,0.0311,25953.07,25791.25,25819.24,25399.86,25944.77,25867.94,25756.57,25482.51,0.3677,0.375,0.4363,191.26,49.96,Neutral,153.65,148.18,5.47,Bullish,26161.74,25819.24,25476.73,2.6531,Inside Band,-0.0048,26104.2,24337.5,-0.2,7.05,309673435.0,0.8077,0,27772.6,1.0,0,0,Strong Uptrend
2025-11-20,2025,11,Nov-2025,Thursday,47,4,0,0,26132.1,26246.65,26063.2,26192.15,240425729,25000.17,Up,1,0.5355,139.5,6.3848,183.45,0.702,60.05,0.2298,79.45,0.305,26015.67,25859.49,25835.41,25428.24,26027.23,25926.88,25798.05,25510.34,0.3968,0.3409,0.45,191.02,61.43,Neutral,169.96,152.54,17.42,None,26216.16,25835.41,25454.66,2.9475,Inside Band,0.0,26246.65,24337.5,-0.21,7.62,319570865.0,0.7523,0,28831.05,1.0,0,0,Strong Uptrend
2025-11-21,2025,11,Nov-2025,Friday,47,4,0,0,26109.55,26179.2,26052.2,26068.15,235581427,24720.07,Down,0,-0.4734,-124.0,5.8811,127.0,0.4864,-41.4,-0.1586,-82.6,-0.3154,26047.29,25917.08,25844.25,25452.23,26040.87,25952.57,25823.78,25532.21,0.5137,0.4032,0.4656,182.76,62.88,Neutral,170.92,156.22,14.7,None,26238.44,25844.25,25450.06,3.0505,Inside Band,-0.4734,26246.65,24337.5,-0.68,7.11,308929692.0,0.7626,0,27978.17,1.0,0,0,Strong Uptrend
2025-11-24,2025,11,Nov-2025,Monday,48,4,0,0,26122.8,26142.8,25912.15,25959.5,464655063,44895.45,Down,0,-0.4168,-108.65,5.4398,230.65,0.8829,-163.3,-0.6251,54.65,0.2096,26036.5,25955.59,25852.47,25471.96,26013.75,25953.83,25836.7,25548.97,0.5332,0.4485,0.4678,187.98,56.95,Neutral,161.06,157.18,3.88,None,26249.19,25852.47,25455.74,3.0691,Inside Band,-0.8882,26246.65,24337.5,-1.09,6.66,317916771.0,1.4616,0,29046.54,1.0,0,0,Strong Uptrend
2025-11-25,2025,11,Nov-2025,Tuesday,48,4,0,0,25998.5,26032.6,25857.5,25884.8,260454909,25320.15,Down,0,-0.2878,-74.7,5.1364,175.1,0.6735,-113.7,-0.4373,39.0,0.1502,26031.45,25974.58,25848.4,25489.55,25970.76,25941.28,25841.28,25562.14,0.5169,0.4524,0.4483,185.56,60.88,Neutral,145.53,154.85,-9.32,Bearish,26241.88,25848.4,25454.93,3.0445,Inside Band,-1.1734,26246.65,24337.5,-1.38,6.36,317622653.0,0.82,0,29113.1,1.0,0,0,Strong Uptrend
2025-11-26,2025,11,Nov-2025,Wednesday,48,4,0,0,25842.95,26215.15,25842.95,26205.3,275265169,31666.03,Up,1,1.2382,320.5,6.4382,372.2,1.4402,362.35,1.4021,-41.85,-0.1617,26061.98,26007.52,25861.86,25511.37,26048.94,25989.28,25875.95,25587.36,0.7466,0.5549,0.5275,198.75,72.41,Overbought,157.28,155.34,1.94,Bullish,26285.25,25861.86,25438.47,3.2742,Inside Band,0.0,26246.65,24337.5,-0.16,7.67,311624351.0,0.8833,0,28845.23,1.0,0,0,Strong Uptrend
2025-11-27,2025,11,Nov-2025,Thursday,48,4,0,0,26261.25,26310.45,26141.9,26215.55,240287057,25306.47,Up,1,0.0391,10.25,6.4798,168.55,0.6418,-45.7,-0.174,55.95,0.2135,26066.66,26041.16,25869.94,25534.3,26104.48,26030.42,25908.29,25612.0,0.7095,0.5544,0.519,194.16,73.41,Overbought,165.51,157.37,8.14,None,26314.41,25869.94,25425.47,3.4362,Inside Band,0.0,26310.45,24337.5,-0.36,7.72,307544673.0,0.7813,0,28795.09,1.0,0,0,Strong Uptrend
2025-11-28,2025,11,Nov-2025,Friday,48,4,0,0,26237.45,26280.75,26172.4,26202.95,202511545,20525.36,Down,0,-0.0481,-12.6,6.4287,108.35,0.413,-34.5,-0.1315,21.9,0.0835,26093.62,26070.46,25886.2,25553.58,26137.3,26061.79,25936.36,25635.17,0.6592,0.5573,0.4922,191.19,71.3,Overbought,169.06,159.71,9.35,None,26355.0,25886.2,25417.4,3.622,Inside Band,-0.0481,26310.45,24337.5,-0.41,7.66,304801601.0,0.6644,0,28612.34,1.0,0,0,Strong Uptrend
2025-12-01,2025,12,Dec-2025,Monday,49,4,1,0,26325.8,26325.8,26124.2,26175.75,213828573,21734.75,Down,0,-0.1038,-27.2,6.3182,201.6,0.7658,-150.05,-0.57,122.85,0.4688,26136.87,26086.68,25908.88,25570.49,26150.12,26082.51,25959.16,25656.37,0.6104,0.5513,0.4688,186.55,67.4,Neutral,167.75,161.32,6.43,None,26388.03,25908.88,25429.73,3.6987,Inside Band,-0.1518,26325.8,24337.5,-0.57,7.55,298773809.0,0.7157,0,28259.65,1.0,0,0,Strong Uptrend
2025-12-02,2025,12,Dec-2025,Tuesday,49,4,0,0,26087.95,26154.6,25997.85,26032.2,254803113,26298.82,Down,0,-0.5484,-143.55,5.7351,156.75,0.6009,-55.75,-0.2137,-87.8,-0.3354,26166.35,26098.9,25922.32,25582.66,26110.81,26073.36,25966.11,25671.11,0.6674,0.5672,0.4895,186.79,55.82,Neutral,153.36,159.73,-6.37,Bearish,26399.37,25922.32,25445.28,3.6806,Inside Band,-0.6994,26325.8,24337.5,-1.12,6.96,297721040.0,0.8558,0,28377.1,1.0,0,0,Strong Uptrend
2025-12-03,2025,12,Dec-2025,Wednesday,49,4,0,0,26004.9,26066.45,25891.0,25986.0,265660108,25320.85,Down,0,-0.1775,-46.2,5.5475,175.45,0.6747,-18.9,-0.0727,-27.3,-0.1049,26122.49,26092.23,25941.74,25595.84,26069.21,26057.48,25968.01,25683.46,0.227,0.5417,0.4651,184.87,53.85,Neutral,136.65,155.11,-18.46,None,26394.12,25941.74,25489.36,3.4877,Inside Band,-0.8756,26325.8,24337.5,-1.29,6.77,295746891.0,0.8983,0,28177.77,1.0,0,0,Strong Uptrend
2025-12-04,2025,12,Dec-2025,Thursday,49,4,0,0,25981.85,26098.25,25938.95,26033.75,248099545,26377.76,Up,1,0.1838,47.75,5.7414,159.3,0.6131,51.9,0.1998,-4.15,-0.016,26086.13,26076.39,25967.94,25612.46,26057.39,26053.16,25974.27,25697.19,0.2659,0.512,0.4548,182.0,54.4,Neutral,125.82,149.25,-23.43,None,26373.21,25967.94,25562.68,3.1213,Inside Band,-0.6935,26325.8,24337.5,-1.11,6.97,289559247.0,0.8568,0,27690.18,1.0,0,0,Strong Uptrend
2025-12-05,2025,12,Dec-2025,Friday,49,4,0,0,25999.8,26202.6,25985.35,26186.45,249254405,27491.07,Up,1,0.5865,152.7,6.3616,217.25,0.8356,186.65,0.7179,-33.95,-0.1304,26082.83,26088.22,26002.65,25632.8,26100.41,26077.4,25994.48,25716.38,0.4243,0.5263,0.4653,189.1,55.95,Neutral,128.07,145.02,-16.95,None,26351.35,26002.65,25653.95,2.682,Inside Band,-0.111,26325.8,24337.5,-0.53,7.6,286741648.0,0.8693,0,27290.38,1.0,0,0,Strong Uptrend
2025-12-08,2025,12,Dec-2025,Monday,50,4,0,0,26159.8,26178.7,25892.25,25960.55,320729920,31677.57,Down,0,-0.8627,-225.9,5.4441,286.45,1.095,-199.25,-0.7617,-26.65,-0.1018,26039.79,26088.33,26021.96,25650.88,26053.79,26056.15,25991.24,25725.96,0.5745,0.5854,0.5133,198.61,51.6,Neutral,110.36,138.09,-27.73,None,26307.92,26021.96,25736.0,2.1978,Inside Band,-0.9727,26325.8,24337.5,-1.39,6.67,290598497.0,1.1037,0,27623.08,1.0,0,0,Mild Downtrend
2025-12-09,2025,12,Dec-2025,Tuesday,50,4,0,0,25867.1,25923.65,25728.0,25839.65,275978160,29894.41,Down,0,-0.4657,-120.9,4.953,195.65,0.7564,-27.45,-0.1061,-93.45,-0.36,26001.28,26083.82,26029.2,25669.85,25982.41,26016.79,25976.81,25730.42,0.5617,0.5978,0.518,196.98,43.15,Neutral,85.58,127.58,-42.0,None,26286.18,26029.2,25772.21,1.9746,Inside Band,-1.4339,26325.8,24337.5,-1.85,6.17,289511701.0,0.9533,0,27703.52,1.0,0,0,Mild Downtrend
2025-12-10,2025,12,Dec-2025,Wednesday,50,4,0,0,25864.05,25947.65,25734.55,25758.0,207944446,21975.7,Down,0,-0.316,-81.65,4.6214,213.1,0.8239,-106.05,-0.41,24.4,0.0944,25955.68,26039.08,26023.3,25691.92,25907.61,25969.74,25955.97,25731.5,0.567,0.4072,0.498,199.1,35.49,Neutral,58.68,113.8,-55.12,None,26299.75,26023.3,25746.86,2.1246,Inside Band,-1.7453,26325.8,24337.5,-2.16,5.84,282715708.0,0.7355,0,27270.65,1.0,0,0,Mild Downtrend
2025-12-11,2025,12,Dec-2025,Thursday,50,4,0,0,25771.4,25922.8,25693.25,25898.55,206099631,20145.19,Up,1,0.5457,140.55,5.1923,229.55,0.8907,127.15,0.4934,13.4,0.052,25928.64,26007.38,26024.28,25717.19,25904.59,25956.79,25950.5,25738.05,0.6423,0.4638,0.5139,206.42,44.4,Neutral,48.14,100.67,-52.53,None,26298.72,26024.28,25749.83,2.1091,Inside Band,-1.2092,26325.8,24337.5,-1.62,6.41,273762189.0,0.7528,0,26770.62,1.0,0,0,Mild Downtrend
2025-12-12,2025,12,Dec-2025,Friday,50,4,0,0,25971.2,26057.6,25938.45,26046.95,216344338,19484.07,Up,1,0.573,148.4,5.795,119.15,0.4588,75.75,0.2917,72.65,0.2805,25900.74,25991.78,26031.12,25745.91,25952.04,25973.19,25959.69,25750.16,0.6387,0.5135,0.529,198.46,52.82,Neutral,51.18,90.77,-39.59,None,26300.35,26031.12,25761.89,2.0685,Inside Band,-0.6431,26325.8,24337.5,-1.06,7.02,258632235.0,0.8365,0,26088.74,1.0,0,0,Strong Uptrend
2025-12-15,2025,12,Dec-2025,Monday,51,4,0,0,25930.05,26047.15,25904.75,26027.3,181557703,17444.03,Down,0,-0.0754,-19.65,5.7152,142.4,0.5492,97.25,0.375,-116.9,-0.4488,25914.09,25976.94,26031.81,25769.73,25977.13,25983.02,25966.12,25761.03,0.4834,0.5133,0.5221,196.12,54.76,Neutral,51.41,82.9,-31.49,None,26300.92,26031.81,25762.7,2.0675,Inside Band,-0.7181,26325.8,24337.5,-1.13,6.94,254479592.0,0.7134,0,25791.72,1.0,0,0,Mild Downtrend
2025-12-16,2025,12,Dec-2025,Tuesday,51,4,0,0,25951.5,25980.75,25834.35,25860.1,264351195,23554.69,Down,0,-0.6424,-167.2,5.0361,146.4,0.5641,-91.4,-0.3522,-75.8,-0.2912,25918.18,25959.73,26029.32,25789.05,25938.12,25960.67,25956.03,25764.92,0.5345,0.5241,0.5347,180.0,37.16,Neutral,37.66,73.85,-36.19,None,26304.05,26029.32,25754.58,2.111,Inside Band,-1.3559,26325.8,24337.5,-1.77,6.26,253697102.0,1.042,0,25666.47,1.0,0,0,Mild Downtrend
2025-12-17,2025,12,Dec-2025,Wednesday,51,4,0,0,25902.4,25929.15,25770.35,25818.55,206521258,19787.57,Down,0,-0.1607,-41.55,4.8673,158.8,0.6131,-83.85,-0.3237,42.3,0.1636,25930.29,25942.98,26017.61,25803.86,25898.26,25934.83,25942.93,25767.02,0.5145,0.5237,0.519,179.3,35.57,Neutral,23.15,63.71,-40.56,None,26307.68,26017.61,25727.54,2.2298,Inside Band,-1.5144,26325.8,24337.5,-1.93,6.09,251517665.0,0.8211,0,25431.01,1.0,0,0,Mild Downtrend
2025-12-18,2025,12,Dec-2025,Thursday,51,4,0,0,25764.7,25902.35,25726.3,25815.55,197553755,20046.07,Down,0,-0.0116,-3.0,4.8552,176.05,0.6833,50.85,0.1974,-53.85,-0.2086,25913.69,25921.16,25998.78,25818.01,25870.69,25913.15,25930.8,25768.92,0.4337,0.5171,0.501,184.14,35.82,Neutral,11.28,53.23,-41.95,None,26290.04,25998.78,25707.52,2.2406,Inside Band,-1.5258,26325.8,24337.5,-1.94,6.07,249374066.0,0.7922,0,25183.3,1.0,0,0,Mild Downtrend
2025-12-19,2025,12,Dec-2025,Friday,51,4,0,0,25911.5,25993.35,25880.45,25966.4,382927284,36600.58,Up,1,0.5843,150.85,5.4679,112.9,0.4357,54.9,0.2119,95.95,0.3717,25897.58,25899.16,25993.69,25836.41,25902.59,25922.83,25934.19,25776.67,0.4379,0.5168,0.512,177.8,42.97,Neutral,13.88,45.36,-31.48,None,26283.4,25993.69,25703.99,2.229,Inside Band,-0.9504,26325.8,24337.5,-1.37,6.69,256741359.0,1.4915,0,25777.33,1.0,0,0,Mild Downtrend
2025-12-22,2025,12,Dec-2025,Monday,52,4,0,0,26055.85,26180.7,26047.8,26172.4,252990050,25333.26,Up,1,0.7933,206.0,6.3046,132.9,0.5101,116.55,0.4473,89.45,0.3445,25926.6,25920.34,26004.34,25856.23,25992.53,25968.21,25956.88,25792.18,0.5801,0.5044,0.5335,176.1,54.52,Neutral,32.19,42.72,-10.53,None,26304.22,26004.34,25704.46,2.3064,Inside Band,-0.1646,26325.8,24337.5,-0.58,7.54,246158108.0,1.0278,0,24799.22,1.0,0,0,Strong Uptrend
2025-12-23,2025,12,Dec-2025,Tuesday,52,4,0,0,26205.2,26233.55,26119.05,26177.15,216553840,19670.5,Up,1,0.0181,4.75,6.3239,114.5,0.4369,-28.05,-0.107,32.8,0.1253,25990.01,25954.09,26018.96,25874.06,26054.07,26006.2,25977.86,25807.28,0.4176,0.4679,0.5279,171.74,56.33,Neutral,46.55,43.49,3.06,Bullish,26322.78,26018.96,25715.13,2.3354,Inside Band,-0.1465,26325.8,24337.5,-0.56,7.56,243963055.0,0.8877,0,24516.74,1.0,0,0,Strong Uptrend
2025-12-24,2025,12,Dec-2025,Wednesday,52,4,0,0,26170.65,26236.4,26123.0,26142.1,188846828,17474.44,Down,0,-0.1339,-35.05,6.1815,113.4,0.4333,-28.55,-0.1091,-6.5,-0.0248,26054.72,25992.5,26015.8,25892.36,26083.41,26030.91,25993.5,25820.41,0.4113,0.4518,0.4497,168.46,53.62,Neutral,54.48,45.69,8.79,None,26312.69,26015.8,25718.9,2.2824,Inside Band,-0.2802,26325.8,24337.5,-0.7,7.41,239642138.0,0.788,0,23807.16,1.0,0,0,Strong Uptrend
2025-12-26,2025,12,Dec-2025,Friday,52,4,0,0,26121.25,26144.2,26008.6,26042.3,142243763,12263.06,Down,0,-0.3818,-99.8,5.7762,135.6,0.5191,-78.95,-0.3022,-20.85,-0.0798,26100.07,26006.88,26007.13,25910.29,26069.71,26032.98,25998.15,25829.11,0.4949,0.4565,0.457,162.63,45.01,Neutral,52.1,46.97,5.13,None,26289.23,26007.13,25725.03,2.1694,Inside Band,-0.6609,26325.8,24337.5,-1.08,7.0,234739973.0,0.606,0,23154.99,1.0,0,0,Strong Uptrend
2025-12-29,2025,12,Dec-2025,Monday,1,4,0,0,26063.35,26106.8,25920.3,25942.1,234312888,18184.45,Down,0,-0.3848,-100.2,5.3692,186.5,0.7156,-121.25,-0.4652,21.05,0.0808,26095.21,25996.39,25994.09,25922.66,26027.17,26016.45,25992.81,25833.54,0.4847,0.4361,0.4638,155.49,49.3,Neutral,41.66,45.91,-4.25,Bearish,26261.82,25994.09,25726.36,2.0599,Inside Band,-1.0431,26325.8,24337.5,-1.46,6.59,236330040.0,0.9915,0,23037.94,1.0,0,0,Mild Downtrend
2025-12-30,2025,12,Dec-2025,Tuesday,1,4,0,0,25940.9,25976.75,25878.0,25938.85,396893959,39492.31,Down,0,-0.0125,-3.25,5.356,98.75,0.3807,-2.05,-0.0079,-1.2,-0.0046,26048.5,25987.55,25982.25,25929.74,25997.73,26002.34,25987.67,25837.67,0.195,0.436,0.4637,148.57,54.13,Neutral,32.74,43.27,-10.53,None,26236.77,25982.25,25727.72,1.9592,Inside Band,-1.0555,26325.8,24337.5,-1.47,6.58,245483309.0,1.6168,1,23925.82,1.0,0,0,Mild Downtrend
2025-12-31,2025,12,Dec-2025,Wednesday,1,4,0,1,25971.05,26187.95,25969.0,26129.6,246314941,20703.99,Up,1,0.7354,190.75,6.1307,218.95,0.8431,158.55,0.6105,32.2,0.1241,26038.99,26014.5,25987.12,25938.13,26041.69,26025.48,26001.19,25849.12,0.46,0.4397,0.4788,148.99,64.17,Neutral,40.59,42.74,-2.15,None,26249.28,25987.12,25724.95,2.0177,Inside Band,-0.3279,26325.8,24337.5,-0.75,7.36,245058901.0,1.0051,0,23646.08,1.0,0,0,Strong Uptrend
2026-01-01,2026,1,Jan-2026,Thursday,1,1,1,0,26173.3,26197.55,26113.4,26146.55,425631910,23454.66,Up,1,0.0649,16.95,6.1996,84.15,0.3215,-26.75,-0.1022,43.7,0.1672,26039.88,26047.3,25995.14,25944.2,26076.64,26047.49,26015.03,25860.79,0.4579,0.4303,0.4767,138.6,60.44,Neutral,47.64,43.72,3.92,Bullish,26266.82,25995.14,25723.46,2.0902,Inside Band,-0.2632,26325.8,24337.5,-0.68,7.43,253057491.0,1.682,1,23552.77,1.0,0,0,Strong Uptrend
2026-01-02,2026,1,Jan-2026,Friday,1,1,0,0,26155.1,26340.0,26118.4,26328.55,357547806,23770.13,Up,1,0.6961,182.0,6.9388,221.6,0.8473,173.45,0.6632,8.55,0.0327,26097.13,26098.6,26009.88,25953.4,26160.61,26098.6,26044.89,25879.13,0.4838,0.462,0.4985,145.92,61.53,Neutral,67.13,48.4,18.73,None,26319.7,26009.88,25700.07,2.3823,Above Upper,0.0,26340.0,24337.5,-0.04,8.18,258529904.0,1.383,0,23422.39,1.0,0,0,Strong Uptrend
2026-01-05,2026,1,Jan-2026,Monday,2,1,0,0,26333.7,26373.2,26210.05,26250.3,338777649,25742.83,Down,0,-0.2972,-78.25,6.621,163.15,0.6195,-83.4,-0.3167,5.15,0.0196,26158.77,26126.99,26013.08,25960.58,26190.51,26126.18,26064.45,25893.69,0.4573,0.4642,0.4882,147.4,58.71,Neutral,75.4,53.8,21.6,None,26331.74,26013.08,25694.41,2.45,Inside Band,-0.2972,26373.2,24337.5,-0.47,7.86,263006066.0,1.2881,0,23334.98,1.0,0,0,Strong Uptrend
2026-01-06,2026,1,Jan-2026,Tuesday,2,1,0,0,26189.7,26273.95,26124.75,26178.7,383040203,34567.52,Down,0,-0.2728,-71.6,6.3302,149.2,0.5697,-11.0,-0.042,-60.6,-0.2309,26206.74,26127.62,26023.98,25968.25,26186.57,26135.73,26075.33,25904.86,0.5051,0.4088,0.4487,147.6,63.45,Neutral,75.31,58.1,17.21,None,26349.93,26023.98,25698.04,2.505,Inside Band,-0.5692,26373.2,24337.5,-0.74,7.57,266121580.0,1.4393,0,23479.47,1.0,0,0,Strong Uptrend
2026-01-07,2026,1,Jan-2026,Wednesday,2,1,0,0,26143.1,26187.15,26067.9,26140.75,338216740,30232.63,Down,0,-0.145,-37.95,6.176,119.25,0.4561,-2.35,-0.009,-35.6,-0.136,26208.97,26123.98,26039.04,25971.74,26171.3,26136.64,26081.56,25914.11,0.4099,0.4114,0.4351,144.78,63.65,Neutral,71.35,60.75,10.6,None,26356.85,26039.04,25721.23,2.441,Inside Band,-0.7133,26373.2,24337.5,-0.88,7.41,269233509.0,1.2562,0,23496.38,1.0,0,0,Strong Uptrend
2026-01-08,2026,1,Jan-2026,Thursday,2,1,0,0,26106.5,26133.2,25858.45,25876.85,328520950,27556.32,Down,0,-1.0095,-263.9,5.1041,274.75,1.0524,-229.65,-0.8797,-34.25,-0.131,26155.03,26097.46,26044.98,25970.55,26073.15,26089.41,26062.07,25912.65,0.6074,0.5191,0.4907,151.83,52.13,Neutral,46.38,57.88,-11.5,Bearish,26344.59,26044.98,25745.37,2.3007,Inside Band,-1.7156,26373.2,24337.5,-1.88,6.33,275262335.0,1.1935,0,23775.42,1.0,0,0,Mild Downtrend
2026-01-09,2026,1,Jan-2026,Friday,2,1,0,0,25840.4,25940.6,25623.0,25683.3,348757262,27486.64,Down,0,-0.748,-193.55,4.318,317.6,1.2291,-157.1,-0.608,-36.45,-0.1409,26025.98,26061.56,26034.22,25963.14,25943.2,26015.57,26025.99,25903.66,0.3673,0.5529,0.5034,166.45,40.46,Neutral,10.85,48.47,-37.62,None,26369.33,26034.22,25699.1,2.5744,Below Lower,-2.4508,26373.2,24337.5,-2.62,5.53,282395216.0,1.235,0,24142.49,1.0,0,0,Mild Downtrend
2026-01-12,2026,1,Jan-2026,Monday,3,1,0,0,25669.05,25813.15,25473.4,25790.25,275757268,23874.45,Up,1,0.4164,106.95,4.7524,339.75,1.3236,121.2,0.4722,-14.25,-0.0555,25933.97,26046.37,26021.38,25961.39,25892.22,25974.6,26003.54,25899.21,0.5542,0.5708,0.4945,181.23,36.2,Neutral,-8.58,37.06,-45.64,None,26373.67,26021.38,25669.1,2.7077,Inside Band,-2.0445,26373.2,24337.5,-2.21,5.97,285365863.0,0.9663,0,24362.01,1.0,0,0,Mild Downtrend
2026-01-13,2026,1,Jan-2026,Tuesday,3,1,0,0,25897.35,25899.8,25603.3,25732.3,339536336,31434.03,Down,0,-0.2247,-57.95,4.517,296.5,1.1449,-165.05,-0.6373,107.1,0.4153,25844.69,26025.72,26006.63,25961.59,25838.91,25930.55,25977.71,25892.66,0.5564,0.5729,0.496,194.23,34.53,Neutral,-28.32,23.99,-52.31,None,26381.83,26006.63,25631.43,2.8854,Inside Band,-2.2647,26373.2,24337.5,-2.43,5.73,293264794.0,1.1578,0,25061.51,1.0,0,0,Mild Downtrend
2026-01-14,2026,1,Jan-2026,Wednesday,3,1,0,0,25648.55,25791.75,25603.95,25665.6,393126596,28944.88,Down,0,-0.2592,-66.7,4.2461,187.8,0.7322,17.05,0.0665,-83.75,-0.3255,25749.66,25979.32,25996.91,25959.64,25781.14,25882.37,25947.99,25883.76,0.5485,0.4973,0.4793,199.54,33.79,Neutral,-48.79,9.43,-58.22,None,26397.33,25996.91,25596.48,3.0806,Inside Band,-2.518,26373.2,24337.5,-2.68,5.46,299703564.0,1.3117,0,25331.02,1.0,0,0,Mild Downtrend
2026-01-16,2026,1,Jan-2026,Friday,3,1,0,0,25696.05,25873.5,25662.4,25694.35,434041776,37156.05,Up,1,0.112,28.75,4.3629,211.1,0.8215,-1.7,-0.0066,30.45,0.1186,25713.16,25934.09,25990.7,25961.57,25752.21,25848.19,25923.83,25876.33,0.4371,0.5001,0.4795,204.93,37.56,Neutral,-61.98,-4.85,-57.13,None,26406.33,25990.7,25575.06,3.1983,Inside Band,-2.4088,26373.2,24337.5,-2.57,5.58,311079590.0,1.3953,0,26199.44,1.0,0,0,Mild Downtrend
2026-01-19,2026,1,Jan-2026,Monday,4,1,0,0,25653.1,25653.3,25494.35,25585.5,443087953,33632.38,Down,0,-0.4236,-108.85,3.9208,158.95,0.6196,-67.6,-0.2635,-41.25,-0.1605,25693.6,25859.79,25979.2,25963.09,25696.64,25800.43,25891.61,25864.93,0.337,0.3989,0.4877,202.96,37.33,Neutral,-80.29,-19.94,-60.35,None,26426.75,25979.2,25531.64,3.4455,Inside Band,-2.8222,26373.2,24337.5,-2.99,5.13,323356300.0,1.3703,0,26878.76,1.0,0,0,Mild Downtrend
2026-01-20,2026,1,Jan-2026,Tuesday,4,1,0,0,25580.3,25585.0,25171.35,25232.5,409772324,31020.36,Down,0,-1.3797,-353.0,2.487,413.65,1.6171,-347.8,-1.3596,-5.2,-0.0203,25582.05,25758.01,25942.5,25957.89,25541.93,25697.17,25828.84,25840.13,0.5628,0.5284,0.5486,225.46,29.9,Oversold,-121.88,-40.33,-81.55,None,26501.05,25942.5,25383.95,4.3061,Below Lower,-4.163,26373.2,24337.5,-4.33,3.68,324698552.0,1.262,0,26599.74,0.0,0,1,Strong Downtrend
2026-01-21,2026,1,Jan-2026,Wednesday,4,1,0,0,25141.0,25300.95,24919.8,25157.5,395624981,30984.61,Down,0,-0.2972,-75.0,2.1824,381.15,1.516,16.5,0.0656,-91.5,-0.3626,25467.09,25655.89,25891.75,25949.56,25413.78,25599.05,25764.9,25813.36,0.5569,0.5279,0.503,237.04,20.39,Oversold,-159.06,-64.07,-94.99,None,26539.63,25891.75,25243.88,5.0045,Below Lower,-4.4478,26373.2,24337.5,-4.61,3.37,331830299.0,1.1923,0,26882.31,0.0,0,0,Strong Downtrend
2026-01-22,2026,1,Jan-2026,Thursday,4,1,0,0,25344.15,25435.75,25168.5,25289.9,486395433,34583.24,Up,1,0.5263,132.4,2.7201,267.25,1.0545,-54.25,-0.2141,186.65,0.7419,25391.95,25570.8,25847.39,25941.45,25372.49,25542.84,25719.66,25792.83,0.713,0.6009,0.5267,250.12,25.62,Oversold,-175.81,-86.42,-89.39,None,26533.37,25847.39,25161.41,5.3079,Inside Band,-3.945,26373.2,24337.5,-4.11,3.91,345322378.0,1.4085,0,27627.95,0.0,0,0,Strong Downtrend
2026-01-23,2026,1,Jan-2026,Friday,4,1,0,0,25344.6,25347.95,25025.3,25048.65,393944908,31844.65,Down,0,-0.9539,-241.25,1.7402,322.65,1.2731,-295.95,-1.1677,54.7,0.2163,25262.81,25487.98,25792.72,25924.91,25264.54,25452.99,25655.75,25763.64,0.7211,0.5941,0.5549,257.34,14.76,Oversold,-206.18,-110.37,-95.81,None,26550.35,25792.72,25035.09,5.8748,Inside Band,-4.8613,26373.2,24337.5,-5.02,2.92,355577282.0,1.1079,0,28346.46,0.0,0,0,Strong Downtrend
2026-01-27,2026,1,Jan-2026,Tuesday,5,1,0,0,25063.35,25246.65,24932.55,25175.4,618696080,50989.25,Up,1,0.506,126.75,2.2551,314.1,1.2532,112.05,0.4471,14.7,0.0587,25180.79,25437.2,25749.38,25910.84,25234.83,25402.52,25610.01,25740.58,0.855,0.626,0.5757,268.12,21.18,Oversold,-217.51,-131.8,-85.71,None,26545.12,25749.38,24953.63,6.1807,Inside Band,-4.3798,26373.2,24337.5,-4.54,3.44,379399898.0,1.6307,1,30282.77,0.0,0,0,Strong Downtrend
2026-01-28,2026,1,Jan-2026,Wednesday,5,1,0,0,25258.85,25372.1,25187.65,25342.75,574903942,42364.52,Up,1,0.6647,167.35,2.9348,184.45,0.7302,83.9,0.3322,83.45,0.3315,25202.84,25392.44,25719.41,25899.49,25270.8,25391.65,25584.55,25724.98,0.6952,0.6572,0.6021,270.64,28.68,Oversold,-210.56,-147.55,-63.01,None,26529.61,25719.41,24909.21,6.3003,Inside Band,-3.7442,26373.2,24337.5,-3.91,4.13,396429451.0,1.4502,0,31491.77,0.0,0,0,Strong Downtrend
2026-01-29,2026,1,Jan-2026,Thursday,5,1,0,0,25345.0,25458.15,25159.8,25418.9,582389331,44306.95,Up,1,0.3005,76.15,3.2441,298.35,1.1772,73.9,0.2916,2.25,0.0089,25255.12,25361.1,25693.41,25887.6,25320.17,25396.6,25568.78,25712.97,0.6628,0.6734,0.6089,283.43,31.94,Neutral,-196.64,-157.37,-39.27,None,26507.32,25693.41,24879.5,6.3356,Inside Band,-3.455,26373.2,24337.5,-3.62,4.44,405704219.0,1.4355,0,31732.5,0.0,0,0,Strong Downtrend
2026-01-30,2026,1,Jan-2026,Friday,5,1,0,0,25247.55,25370.7,25213.65,25320.65,508388604,40772.08,Down,0,-0.3865,-98.25,2.845,157.05,0.622,73.1,0.2895,-171.35,-0.6741,25261.27,25326.61,25652.96,25875.81,25320.33,25382.79,25545.15,25697.59,0.679,0.6775,0.5789,275.03,34.83,Neutral,-191.33,-164.16,-27.17,None,26455.93,25652.96,24849.99,6.2603,Inside Band,-3.8282,26373.2,24337.5,-3.99,4.04,418807903.0,1.2139,0,32735.91,0.0,0,0,Strong Downtrend
2026-02-01,2026,2,Feb-2026,Sunday,5,1,1,0,25333.75,25440.9,24571.75,24825.45,379370206,25572.6,Down,0,-1.9557,-495.2,0.8337,869.15,3.4308,-508.3,-2.0064,13.1,0.0517,25216.63,25239.72,25586.91,25851.27,25155.37,25281.46,25476.6,25663.39,1.0736,0.8797,0.7017,314.42,29.91,Oversold,-224.49,-176.23,-48.26,None,26435.0,25586.91,24738.82,6.6291,Inside Band,-5.709,26373.2,24337.5,-5.87,2.0,416494817.0,0.9109,0,32841.81,0.0,0,0,Strong Downtrend
2026-02-02,2026,2,Feb-2026,Monday,6,1,0,0,24796.5,25108.1,24679.4,25088.4,449215604,34038.26,Up,1,1.0592,262.95,1.9017,428.7,1.7289,291.9,1.1772,-28.95,-0.1166,25199.23,25190.01,25524.9,25829.19,25133.05,25246.36,25439.63,25640.84,1.1841,0.983,0.7317,320.78,34.68,Neutral,-226.94,-186.37,-40.57,None,26324.65,25524.9,24725.15,6.2664,Inside Band,-4.7103,26373.2,24337.5,-4.87,3.09,421078207.0,1.0668,0,33355.21,0.0,0,0,Strong Downtrend
2026-02-03,2026,2,Feb-2026,Tuesday,6,1,0,0,26308.05,26341.2,25641.3,25727.55,637263148,52338.39,Up,1,2.5476,639.15,4.4977,699.9,2.6604,-580.5,-2.2065,1219.65,4.8614,25276.19,25239.52,25498.76,25822.38,25331.21,25333.85,25467.05,25644.24,1.6723,1.2131,0.9604,349.59,49.92,Neutral,-175.29,-184.15,8.86,Bullish,26229.91,25498.76,24767.61,5.7348,Inside Band,-2.2827,26373.2,24337.5,-2.45,5.71,436002482.0,1.4616,0,34684.99,0.0,0,0,Mild Uptrend
2026-02-04,2026,2,Feb-2026,Wednesday,6,1,0,0,25675.05,25818.55,25563.95,25776.0,429788986,36899.12,Up,1,0.1883,48.45,4.6945,254.6,0.9916,100.95,0.3932,-52.5,-0.2041,25347.61,25301.36,25478.63,25818.71,25479.48,25414.24,25496.48,25649.41,1.6733,1.2006,0.9615,354.36,51.93,Neutral,-128.96,-173.12,44.16,None,26150.73,25478.63,24806.52,5.2758,Inside Band,-2.0987,26373.2,24337.5,-2.26,5.91,438339921.0,0.9805,0,34801.57,0.0,0,0,Mild Uptrend
2026-02-05,2026,2,Feb-2026,Thursday,6,1,0,0,25755.9,25757.65,25579.5,25642.8,343812628,28582.32,Down,0,-0.5168,-133.2,4.1535,178.15,0.6917,-113.1,-0.4391,-20.1,-0.078,25412.04,25336.66,25453.73,25813.87,25533.92,25455.79,25510.41,25649.15,1.6874,1.2191,0.9665,352.01,49.13,Neutral,-101.81,-158.85,57.04,None,26055.8,25453.73,24851.66,4.7307,Inside Band,-2.6046,26373.2,24337.5,-2.77,5.36,438619716.0,0.7839,0,34719.06,0.0,0,0,Mild Uptrend
2026-02-06,2026,2,Feb-2026,Friday,6,1,0,0,25605.8,25703.95,25491.9,25693.7,375476124,29777.45,Up,1,0.1985,50.9,4.3602,212.05,0.8281,87.9,0.3433,-37.0,-0.1443,25585.69,25401.16,25444.57,25803.64,25587.18,25499.05,25527.87,25650.89,1.1765,1.1565,0.9436,355.8,51.87,Neutral,-75.32,-142.15,66.83,None,26024.72,25444.57,24864.42,4.5601,Inside Band,-2.4113,26373.2,24337.5,-2.58,5.57,440967474.0,0.8515,0,34830.11,0.0,0,0,Mild Uptrend
2026-02-09,2026,2,Feb-2026,Monday,7,1,0,0,25888.7,25922.25,25780.9,25867.3,359386006,28449.55,Up,1,0.6757,173.6,5.0654,141.35,0.546,-21.4,-0.0827,195.0,0.7589,25741.47,25470.35,25453.77,25796.67,25680.55,25566.0,25560.19,25659.38,1.1592,1.1617,0.9404,336.35,61.67,Neutral,-39.86,-121.69,81.83,None,26055.3,25453.77,24852.24,4.7265,Inside Band,-1.7519,26373.2,24337.5,-1.92,6.29,441498912.0,0.814,0,34878.26,0.0,0,0,Mild Uptrend
2026-02-10,2026,2,Feb-2026,Tuesday,7,1,0,0,25922.65,25989.45,25870.45,25935.15,460878237,32795.1,Up,1,0.2623,67.85,5.3409,119.0,0.4591,12.5,0.0482,55.35,0.214,25782.99,25529.59,25461.02,25791.32,25765.42,25633.12,25595.9,25670.19,0.4291,1.1538,0.9378,317.62,64.33,Neutral,-6.22,-98.6,92.38,None,26082.76,25461.02,24839.27,4.8839,Inside Band,-1.4942,26373.2,24337.5,-1.66,6.56,450754960.0,1.0225,0,35324.29,0.0,0,0,Mild Uptrend
2026-02-11,2026,2,Feb-2026,Wednesday,7,1,0,0,25997.45,26009.4,25899.8,25953.85,331389240,31456.05,Up,1,0.0721,18.7,5.4169,109.6,0.4216,-43.6,-0.1677,62.3,0.2402,25818.56,25583.08,25472.1,25786.88,25828.23,25691.44,25629.99,25681.32,0.4305,1.1546,0.9359,306.36,62.77,Neutral,21.71,-74.53,96.24,None,26121.47,25472.1,24822.72,5.0987,Inside Band,-1.4232,26373.2,24337.5,-1.59,6.64,450347605.0,0.7359,0,35325.39,0.0,0,0,Mild Uptrend
2026-02-12,2026,2,Feb-2026,Thursday,7,1,0,0,25906.7,25906.7,25752.4,25807.2,419388014,38977.68,Down,0,-0.565,-146.65,4.8212,154.3,0.5956,-99.5,-0.3841,-47.15,-0.1817,25851.44,25631.74,25479.18,25782.38,25821.22,25712.48,25646.87,25686.25,0.449,1.1663,0.9436,294.34,65.14,Neutral,31.64,-53.3,84.94,None,26140.41,25479.18,24817.94,5.1904,Inside Band,-1.9802,26373.2,24337.5,-2.15,6.04,451660676.0,0.9285,0,35827.03,0.0,0,0,Mild Uptrend
2026-02-13,2026,2,Feb-2026,Friday,7,1,0,0,25571.15,25630.35,25444.3,25471.1,453523192,40137.15,Down,0,-1.3023,-336.1,3.4561,186.05,0.7276,-100.05,-0.3913,-236.05,-0.9147,25806.92,25696.3,25468.01,25772.08,25704.51,25668.6,25630.13,25677.82,0.7744,1.0442,0.9892,285.19,55.45,Neutral,12.25,-40.19,52.44,None,26121.45,25468.01,24814.58,5.1314,Inside Band,-3.2567,26373.2,24337.5,-3.42,4.66,452634747.0,1.002,0,35976.09,0.0,0,0,Mild Uptrend
2026-02-16,2026,2,Feb-2026,Monday,8,1,0,0,25423.6,25697.0,25372.7,25682.75,325487729,22205.92,Up,1,0.8309,211.65,4.3158,324.3,1.2756,259.15,1.0193,-47.5,-0.1865,25770.01,25755.74,25472.88,25765.06,25697.26,25671.17,25635.14,25678.01,0.8187,1.0272,1.0032,295.18,56.16,Neutral,13.8,-29.39,43.19,None,26131.42,25472.88,24814.33,5.1706,Inside Band,-2.4529,26373.2,24337.5,-2.62,5.53,446754736.0,0.7286,0,35404.76,0.0,0,0,Mild Uptrend
2026-02-17,2026,2,Feb-2026,Tuesday,8,1,0,0,25637.95,25764.4,25570.3,25725.4,378436265,27818.81,Up,1,0.1661,42.65,4.489,194.1,0.7571,87.45,0.3411,-44.8,-0.1744,25728.06,25755.52,25497.52,25755.84,25706.64,25681.03,25643.74,25679.87,0.808,0.633,0.9473,287.74,55.62,Neutral,18.27,-19.86,38.13,None,26155.08,25497.52,24839.96,5.1578,Inside Band,-2.2909,26373.2,24337.5,-2.46,5.7,445187933.0,0.8501,0,35244.68,0.0,0,0,Mild Uptrend
2026-02-18,2026,2,Feb-2026,Wednesday,8,1,0,0,25752.65,25828.05,25645.15,25819.35,400807585,22228.22,Up,1,0.3652,93.95,4.8706,182.9,0.7102,66.7,0.259,27.25,0.1059,25701.16,25759.86,25530.61,25753.02,25744.21,25706.18,25660.46,25685.34,0.839,0.6412,0.9443,289.58,59.16,Neutral,29.05,-10.08,39.13,None,26182.72,25530.61,24878.51,5.1084,Inside Band,-1.934,26373.2,24337.5,-2.1,6.09,445447063.0,0.8998,0,34806.87,0.0,0,0,Mild Uptrend
2026-02-19,2026,2,Feb-2026,Thursday,8,1,0,0,25873.35,25885.3,25388.75,25454.35,333658812,24756.87,Down,0,-1.4137,-365.0,3.3881,496.55,1.9192,-419.0,-1.6194,54.0,0.2091,25630.59,25741.02,25538.84,25745.31,25647.59,25660.39,25640.83,25676.28,1.0222,0.7735,0.9999,262.97,62.14,Neutral,8.05,-6.45,14.5,None,26182.25,25538.84,24895.42,5.0387,Inside Band,-3.3203,26373.2,24337.5,-3.48,4.59,437810232.0,0.7621,0,34315.55,0.0,0,0,Strong Downtrend
2026-02-20,2026,2,Feb-2026,Friday,8,1,0,0,25406.55,25663.55,25379.75,25571.25,309373691,24024.7,Up,1,0.4593,116.9,3.8629,283.8,1.117,164.7,0.6483,-47.8,-0.1878,25650.62,25728.77,25564.97,25741.58,25622.14,25644.18,25634.21,25672.16,0.87,0.7879,0.9758,252.62,59.88,Neutral,0.83,-5.0,5.83,None,26165.58,25564.97,24964.35,4.6987,Inside Band,-2.8763,26373.2,24337.5,-3.04,5.07,433581671.0,0.7135,0,33924.55,0.0,0,0,Mild Uptrend
2026-02-23,2026,2,Feb-2026,Monday,9,1,0,0,25678.4,25771.45,25609.35,25713.0,399135843,25494.64,Up,1,0.5543,141.75,4.4386,162.1,0.6313,34.6,0.1347,107.15,0.419,25656.67,25713.34,25591.84,25737.86,25652.43,25656.7,25641.71,25673.76,0.8176,0.7764,0.9769,214.2,49.63,Neutral,6.47,-2.7,9.17,None,26166.62,25591.84,25017.07,4.4919,Inside Band,-2.338,26373.2,24337.5,-2.5,5.65,422603659.0,0.9445,0,32649.82,0.0,0,0,Mild Uptrend
2026-02-24,2026,2,Feb-2026,Tuesday,9,1,0,0,25641.8,25641.8,25327.6,25424.65,439068188,36735.38,Down,0,-1.1214,-288.35,3.2674,314.2,1.2253,-217.15,-0.8469,-71.2,-0.2769,25596.52,25662.29,25595.94,25725.42,25576.5,25614.51,25621.04,25663.99,0.954,0.8343,1.0048,218.46,41.97,Neutral,-12.19,-4.6,-7.59,Bearish,26164.37,25595.94,25027.51,4.4416,Inside Band,-3.4332,26373.2,24337.5,-3.6,4.47,415811872.0,1.0559,0,32368.36,0.0,0,0,Strong Downtrend
2026-02-25,2026,2,Feb-2026,Wednesday,9,1,0,0,25512.6,25652.6,25428.2,25482.5,414215742,31084.17,Up,1,0.2275,57.85,3.5024,224.4,0.8796,-30.1,-0.118,87.95,0.3459,25529.15,25615.16,25599.12,25714.52,25545.17,25590.5,25607.84,25656.88,0.9342,0.8412,1.0038,221.76,46.2,Neutral,-22.05,-8.09,-13.96,None,26164.08,25599.12,25034.16,4.4139,Inside Band,-3.2134,26373.2,24337.5,-3.38,4.7,407403192.0,1.0167,0,31707.22,0.0,0,0,Strong Downtrend
2026-02-26,2026,2,Feb-2026,Thursday,9,1,0,0,25556.3,25572.95,25400.95,25496.55,405219244,33155.5,Up,1,0.0551,14.05,3.5595,172.0,0.673,-59.75,-0.2338,73.8,0.2896,25537.59,25584.09,25607.92,25707.25,25528.96,25573.42,25597.24,25650.59,0.6754,0.8325,0.9993,218.9,45.25,Neutral,-28.4,-12.15,-16.25,None,26159.95,25607.92,25055.88,4.3114,Inside Band,-3.1601,26373.2,24337.5,-3.32,4.76,402244724.0,1.0074,0,31326.39,0.0,0,0,Strong Downtrend
2026-02-27,2026,2,Feb-2026,Friday,9,1,0,0,25459.85,25476.4,25141.3,25178.65,438924282,38634.68,Down,0,-1.2468,-317.9,2.2683,335.1,1.3162,-281.2,-1.1045,-36.7,-0.1439,25459.07,25554.84,25625.58,25694.45,25412.19,25501.65,25557.38,25632.08,0.8224,0.8239,0.9354,232.74,34.49,Neutral,-58.42,-21.41,-37.01,None,26087.45,25625.58,25163.7,3.6048,Inside Band,-4.3675,26373.2,24337.5,-4.53,3.46,405222428.0,1.0832,0,31979.5,0.0,0,0,Strong Downtrend
2026-03-02,2026,3,Mar-2026,Monday,10,1,0,0,24659.25,24989.35,24603.5,24865.7,519228821,41306.37,Down,0,-1.2429,-312.95,0.9971,385.85,1.5647,206.45,0.8372,-519.4,-2.0629,25289.61,25473.14,25614.44,25675.46,25230.03,25386.02,25491.5,25602.03,0.741,0.8211,0.9494,251.8,28.3,Oversold,-106.23,-38.37,-67.86,None,26137.53,25614.44,25091.35,4.0843,Below Lower,-5.5561,26373.2,24337.5,-5.72,2.17,408723089.0,1.2704,0,32342.9,0.0,0,0,Strong Downtrend
2026-03-04,2026,3,Mar-2026,Wednesday,10,1,0,0,24388.8,24602.45,24305.4,24480.5,598993881,47700.19,Down,0,-1.5491,-385.2,-0.5674,297.05,1.218,91.7,0.376,-476.9,-1.9179,25100.78,25348.65,25552.09,25645.74,24980.19,25221.38,25395.22,25558.05,0.8265,0.885,0.7903,265.19,23.98,Oversold,-173.21,-65.34,-107.87,None,26276.83,25552.09,24827.34,5.6727,Below Lower,-7.0192,26373.2,24305.4,-7.18,0.72,406809626.0,1.4724,0,32110.99,0.0,0,0,Strong Downtrend
2026-03-05,2026,3,Mar-2026,Thursday,10,1,0,0,24615.95,24854.2,24529.4,24765.9,504339053,40011.88,Up,1,1.1658,285.4,0.5918,324.8,1.3195,149.95,0.6092,135.45,0.5533,24957.46,25243.3,25501.58,25617.61,24908.76,25138.56,25335.28,25526.98,1.1482,0.9998,0.8467,277.37,32.47,Neutral,-200.95,-92.46,-108.49,None,26297.88,25501.58,24705.29,6.2451,Inside Band,-5.9352,26373.2,24305.4,-6.09,1.89,410537129.0,1.2285,0,32266.63,0.0,0,0,Strong Downtrend
2026-03-06,2026,3,Mar-2026,Friday,10,1,0,0,24656.4,24700.8,24415.75,24450.45,433408256,35453.32,Down,0,-1.2737,-315.45,-0.6895,285.05,1.1561,-205.95,-0.8353,-109.5,-0.4421,24748.24,25142.92,25441.96,25583.07,24755.99,25013.45,25251.01,25484.76,1.1227,0.9851,0.8781,284.44,32.7,Neutral,-245.55,-123.08,-122.47,None,26362.58,25441.96,24521.35,7.237,Below Lower,-7.1333,26373.2,24305.4,-7.29,0.6,415016910.0,1.0443,0,32610.18,0.0,0,0,Strong Downtrend
2026-03-09,2026,3,Mar-2026,Monday,11,1,0,0,23868.05,24078.15,23697.8,24028.05,526901605,40569.31,Down,0,-1.7276,-422.4,-2.4051,380.35,1.5936,160.0,0.6704,-582.4,-2.382,24518.12,24988.6,25358.68,25540.79,24513.34,24834.29,25134.54,25427.64,1.1862,1.0161,0.9321,288.45,23.82,Oversold,-311.4,-160.74,-150.66,None,26465.87,25358.68,24251.5,8.7322,Below Lower,-8.7377,26373.2,23697.8,-8.89,1.39,422588184.0,1.2468,0,33149.77,0.0,0,0,Strong Downtrend
2026-03-10,2026,3,Mar-2026,Tuesday,11,1,0,0,24280.8,24303.8,24079.95,24261.6,444283436,36657.53,Up,1,0.972,233.55,-1.4565,223.85,0.9219,-19.2,-0.0791,252.75,1.0519,24397.3,24843.46,25278.4,25505.18,24429.43,24730.16,25051.4,25381.91,1.4271,1.0763,0.9511,290.57,28.16,Oversold,-340.81,-196.76,-144.05,None,26460.62,25278.4,24096.18,9.3536,Inside Band,-7.8506,26373.2,23697.8,-8.01,2.38,426833056.0,1.0409,0,33560.17,0.0,0,0,Strong Downtrend
2026-03-11,2026,3,Mar-2026,Wednesday,11,1,0,0,24231.85,24299.0,23834.3,23866.85,407400643,32549.4,Down,0,-1.6271,-394.75,-3.0599,464.7,1.9177,-365.0,-1.5063,-29.75,-0.1226,24274.57,24687.68,25174.98,25463.67,24241.9,24573.2,24938.59,25322.5,1.442,1.116,0.984,310.7,23.26,Oversold,-391.45,-235.7,-155.75,None,26471.62,25174.98,23878.34,10.301,Below Lower,-9.3499,26373.2,23697.8,-9.5,0.71,424159176.0,0.9605,0,33547.89,0.0,0,0,Strong Downtrend
2026-03-12,2026,3,Mar-2026,Thursday,11,1,0,0,23674.85,23833.15,23556.3,23639.15,501004098,40147.62,Down,0,-0.954,-227.7,-3.9847,276.85,1.1694,-35.7,-0.1508,-192.0,-0.8045,24049.22,24503.34,25059.25,25417.68,24040.98,24403.37,24814.83,25256.48,1.102,1.0777,0.9842,295.01,24.17,Oversold,-444.83,-277.52,-167.31,None,26471.25,25059.25,23647.24,11.2693,Below Lower,-10.2148,26373.2,23556.3,-10.37,0.35,432639919.0,1.158,0,33982.47,0.0,0,0,Strong Downtrend
2026-03-13,2026,3,Mar-2026,Friday,11,1,0,0,23462.5,23492.4,23112.0,23151.1,519776752,40786.7,Down,0,-2.0646,-488.05,-5.9671,380.4,1.6213,-311.4,-1.3272,-176.65,-0.7473,23789.35,24268.8,24926.44,25358.11,23744.36,24175.69,24656.38,25173.92,1.216,1.1112,1.0476,301.91,18.86,Oversold,-520.52,-326.12,-194.4,None,26529.02,24926.44,23323.87,12.8584,Below Lower,-12.0685,26373.2,23112.0,-12.22,0.17,437659356.0,1.1876,0,34072.92,0.0,0,0,Strong Downtrend
2026-03-16,2026,3,Mar-2026,Monday,12,1,0,0,23116.1,23502.0,22955.25,23408.8,540293230,44710.21,Up,1,1.1131,257.7,-4.9203,546.75,2.3652,292.7,1.2662,-35.0,-0.1512,23665.5,24091.81,24823.33,25303.36,23632.5,24036.25,24537.56,25104.7,1.4742,1.2801,1.0929,329.38,21.21,Oversold,-553.33,-371.56,-181.77,None,26539.69,24823.33,23106.96,13.8286,Inside Band,-11.0897,26373.2,22955.25,-11.24,1.98,441997858.0,1.2224,0,34301.57,0.0,0,0,Strong Downtrend
2026-03-17,2026,3,Mar-2026,Tuesday,12,1,0,0,23493.2,23656.8,23346.6,23581.15,458788167,34495.73,Up,1,0.7363,172.35,-4.2203,310.2,1.3204,87.95,0.3744,84.4,0.3605,23529.41,23963.36,24718.25,25248.41,23615.39,23953.51,24446.48,25044.95,1.4175,1.3416,1.0874,329.1,26.28,Oversold,-558.99,-409.05,-149.94,None,26470.04,24718.25,22966.46,14.1741,Inside Band,-10.4351,26373.2,22955.25,-10.59,2.73,448662880.0,1.0226,0,34916.06,0.0,0,0,Strong Downtrend
2026-03-18,2026,3,Mar-2026,Wednesday,12,1,0,0,23632.9,23862.25,23618.45,23777.8,382876401,28805.6,Up,1,0.8339,196.65,-3.4216,243.8,1.0316,144.9,0.6131,51.75,0.2195,23511.6,23893.08,24620.87,25198.96,23669.52,23921.56,24382.79,24995.26,1.3808,1.3503,1.1163,330.48,28.82,Oversold,-541.36,-435.51,-105.85,None,26353.35,24620.87,22888.39,14.0733,Inside Band,-9.6882,26373.2,22955.25,-9.84,3.58,448884886.0,0.853,0,34965.4,0.0,0,0,Strong Downtrend
2026-03-19,2026,3,Mar-2026,Thursday,12,1,0,0,23197.75,23378.7,22930.35,23002.15,550147401,42000.27,Down,0,-3.2621,-775.65,-6.572,448.35,1.9327,-195.6,-0.8432,-580.05,-2.4395,23384.2,23716.71,24480.01,25135.43,23447.07,23754.39,24251.3,24917.1,1.9989,1.5358,1.2715,350.22,23.94,Oversold,-583.25,-465.06,-118.19,None,26259.67,24480.01,22700.35,14.5397,Inside Band,-12.6342,26373.2,22930.35,-12.78,0.31,456351877.0,1.2055,0,35954.0,0.0,0,0,Strong Downtrend
2026-03-20,2026,3,Mar-2026,Friday,12,1,0,0,23110.15,23345.15,23067.6,23114.5,663289390,50308.33,Up,1,0.4884,112.35,-6.1157,277.55,1.201,4.35,0.0188,108.0,0.4695,23376.88,23583.12,24363.02,25074.9,23336.21,23638.05,24143.04,24846.41,1.8272,1.5667,1.2761,346.11,27.47,Oversold,-600.46,-492.14,-108.32,None,26180.22,24363.02,22545.81,14.9177,Inside Band,-12.2075,26373.2,22930.35,-12.36,0.8,472833406.0,1.4028,0,37231.58,0.0,0,0,Strong Downtrend
2026-03-23,2026,3,Mar-2026,Monday,13,1,0,0,22824.35,22851.7,22471.25,22512.65,550275334,41002.59,Down,0,-2.6038,-601.85,-8.5602,380.45,1.6669,-311.7,-1.3656,-290.15,-1.2553,23197.65,23431.58,24210.08,25007.62,23061.69,23433.43,23987.76,24754.89,1.9999,1.6615,1.3405,345.73,25.84,Oversold,-655.12,-524.74,-130.38,None,26111.99,24210.08,22308.18,15.7117,Inside Band,-14.4934,26373.2,22471.25,-14.64,0.18,484878488.0,1.1349,0,38080.47,0.0,0,0,Strong Downtrend
2026-03-24,2026,3,Mar-2026,Tuesday,13,1,0,0,22878.45,23057.3,22624.2,22912.4,538098322,43385.04,Up,1,1.7757,399.75,-6.9366,433.1,1.893,33.95,0.1484,365.8,1.6249,23063.9,23296.66,24070.06,24952.2,23011.93,23338.7,23885.35,24682.63,2.2347,1.7642,1.4224,355.44,33.95,Neutral,-658.58,-551.5,-107.08,None,25917.67,24070.06,22222.44,15.352,Inside Band,-12.9751,26373.2,22471.25,-13.12,1.96,491826612.0,1.0941,0,38974.99,0.0,0,0,Strong Downtrend
2026-03-25,2026,3,Mar-2026,Wednesday,13,1,0,0,23064.4,23465.35,23063.2,23306.45,505418973,40733.98,Up,1,1.7198,394.05,-5.3361,402.15,1.7436,242.05,1.0495,152.0,0.6634,22969.63,23240.62,23964.14,24902.52,23110.1,23332.84,23830.21,24628.67,2.4011,1.8538,1.5035,360.97,35.38,Neutral,-622.36,-565.68,-56.68,None,25725.65,23964.14,22202.64,14.7012,Inside Band,-11.4784,26373.2,22471.25,-11.63,3.72,495144152.0,1.0208,0,39174.92,0.0,0,0,Strong Downtrend
2026-03-27,2026,3,Mar-2026,Friday,13,1,0,0,23173.55,23186.1,22804.55,22819.6,612556883,47239.2,Down,0,-2.0889,-486.85,-7.3135,381.55,1.6465,-353.95,-1.5274,-132.9,-0.5702,22933.12,23158.66,23831.0,24844.27,23013.27,23239.52,23733.96,24557.72,2.0852,1.9365,1.5395,367.86,34.21,Neutral,-625.72,-577.68,-48.04,None,25509.9,23831.0,22152.1,14.0901,Inside Band,-13.3275,26373.2,22471.25,-13.47,1.55,505061209.0,1.2128,0,39982.67,0.0,0,0,Strong Downtrend
2026-03-30,2026,3,Mar-2026,Monday,14,1,0,0,22549.65,22714.1,22283.85,22331.4,698599891,53093.7,Down,0,-2.1394,-488.2,-9.2964,430.25,1.908,-218.25,-0.9679,-269.95,-1.183,22776.5,23076.69,23672.74,24777.58,22785.98,23074.41,23600.39,24470.42,2.2138,1.944,1.5728,371.43,33.78,Neutral,-660.17,-594.18,-65.99,None,25286.02,23672.74,22059.46,13.6299,Inside Band,-15.1818,26373.2,22283.85,-15.33,0.21,519730241.0,1.3442,0,40979.58,0.0,0,0,Strong Downtrend
2026-04-01,2026,4,Apr-2026,Wednesday,14,2,1,0,22899.0,22941.3,22618.6,22679.4,517954448,41192.2,Up,1,1.5583,348.0,-7.883,322.7,1.4092,-219.6,-0.959,567.6,2.5417,22809.85,23003.75,23547.78,24717.29,22750.45,23002.59,23512.67,24400.18,2.0823,1.9857,1.6403,378.49,35.2,Neutral,-651.88,-605.72,-46.16,None,25053.51,23547.78,22042.05,12.7887,Inside Band,-13.86,26373.2,22283.85,-14.01,1.78,523681749.0,0.9891,0,41107.46,0.0,0,0,Strong Downtrend
2026-04-02,2026,4,Apr-2026,Thursday,14,2,0,0,22383.4,22782.3,22182.55,22713.1,495121035,38669.56,Up,1,0.1486,33.7,-7.7461,599.75,2.6794,329.7,1.473,-296.0,-1.3051,22769.99,22916.94,23440.15,24659.84,22738.0,22949.95,23436.52,24334.02,1.8855,1.9602,1.637,388.13,38.42,Neutral,-635.26,-611.63,-23.63,None,24854.17,23440.15,22026.13,12.0649,Inside Band,-13.7321,26373.2,22182.55,-13.88,2.39,522476360.0,0.9476,0,40975.62,0.0,0,0,Strong Downtrend
2026-04-06,2026,4,Apr-2026,Monday,15,2,0,0,22780.3,22998.35,22542.95,22968.25,426416812,35893.16,Up,1,1.1234,255.15,-6.7097,455.4,1.9991,187.95,0.8251,67.2,0.2959,22702.35,22835.99,23364.54,24614.55,22814.75,22953.28,23391.93,24280.46,1.7509,1.9818,1.6506,400.89,43.3,Neutral,-594.65,-608.23,13.58,Bullish,24704.09,23364.54,22024.98,11.4666,Inside Band,-12.763,26373.2,22182.55,-12.91,3.54,513847506.0,0.8299,0,40385.27,0.0,0,0,Strong Downtrend
2026-04-07,2026,4,Apr-2026,Tuesday,15,2,0,0,22838.7,23153.85,22719.3,23123.65,476981883,38940.47,Up,1,0.6766,155.4,-6.0785,434.55,1.9027,284.95,1.2477,-129.55,-0.564,22763.16,22848.14,23282.42,24573.88,22917.72,22984.26,23366.38,24235.1,1.4468,1.7061,1.6312,404.75,49.71,Neutral,-543.66,-595.32,51.66,None,24450.67,23282.42,22114.18,10.0354,Inside Band,-12.1727,26373.2,22182.55,-12.32,4.24,512479648.0,0.9307,0,40331.7,0.0,0,0,Strong Downtrend
2026-04-08,2026,4,Apr-2026,Wednesday,15,2,0,0,23855.15,24025.15,23828.5,23997.35,639257993,56557.11,Up,1,3.7784,873.7,-2.5298,196.65,0.8244,142.2,0.5961,731.5,3.1634,23096.35,22936.42,23259.77,24548.02,23277.59,23168.46,23426.47,24225.77,1.3992,2.0741,1.8534,379.75,55.56,Neutral,-427.82,-561.82,134.0,None,24347.44,23259.77,22172.1,9.3524,Inside Band,-8.8543,26373.2,22182.55,-9.01,8.18,522772135.0,1.2228,0,41386.89,0.0,0,0,Mild Uptrend
2026-04-09,2026,4,Apr-2026,Thursday,15,2,0,0,23909.05,23990.75,23682.8,23775.1,466587329,40443.59,Down,0,-0.9261,-222.25,-3.4325,307.95,1.288,-133.95,-0.5602,-88.3,-0.368,23315.49,23062.67,23247.12,24522.55,23443.43,23278.75,23459.67,24208.1,1.7512,1.8616,1.8242,379.59,51.81,Neutral,-349.91,-519.44,169.53,None,24302.58,23247.12,22191.66,9.0804,Inside Band,-9.6984,26373.2,22182.55,-9.85,7.18,519756421.0,0.8977,0,41380.6,0.0,0,0,Mild Uptrend
2026-04-10,2026,4,Apr-2026,Friday,15,2,0,0,23880.55,24074.05,23856.35,24050.6,481302436,40109.22,Up,1,1.1588,275.5,-2.3135,217.7,0.9116,170.05,0.7121,105.45,0.4435,23582.99,23176.49,23236.57,24500.06,23645.82,23419.09,23515.95,24201.92,1.6914,1.8268,1.8301,377.72,52.52,Neutral,-262.91,-468.13,205.22,None,24252.83,23236.57,22220.32,8.747,Inside Band,-8.652,26373.2,22182.55,-8.81,8.42,521607371.0,0.9227,0,41553.18,0.0,0,0,Mild Uptrend
2026-04-13,2026,4,Apr-2026,Monday,16,2,0,0,23589.6,23907.4,23555.6,23842.65,488844789,41931.51,Down,0,-0.8646,-207.95,-3.1582,351.8,1.4913,253.05,1.0727,-461.0,-1.9168,23757.87,23230.11,23235.36,24470.06,23711.43,23496.1,23547.07,24187.83,1.9209,1.818,1.8028,370.83,58.66,Neutral,-208.34,-416.17,207.83,None,24248.51,23235.36,22222.21,8.7208,Inside Band,-9.4418,26373.2,22182.55,-9.6,7.48,525679578.0,0.9299,0,42022.29,0.0,0,0,Mild Uptrend
2026-04-15,2026,4,Apr-2026,Wednesday,16,2,0,0,24163.8,24280.9,24145.8,24231.3,460334041,38376.84,Up,1,1.6301,388.65,-1.5796,135.1,0.5591,67.5,0.2793,321.15,1.347,23979.4,23371.28,23264.97,24446.3,23884.72,23629.77,23612.23,24189.54,1.9569,1.6618,1.8225,360.65,60.88,Neutral,-132.21,-359.38,227.17,None,24359.17,23264.97,22170.77,9.4064,Inside Band,-7.9657,26373.2,22182.55,-8.12,9.24,523646076.0,0.8791,0,41933.75,0.0,0,0,Mild Uptrend
2026-04-16,2026,4,Apr-2026,Thursday,16,2,0,0,24385.2,24400.95,24102.8,24196.75,508017772,44634.35,Down,0,-0.1426,-34.55,-1.7199,298.15,1.2227,-188.45,-0.7728,153.9,0.6351,24019.28,23557.82,23317.25,24423.83,23988.73,23732.86,23667.9,24189.82,1.1704,1.3922,1.7494,354.77,68.45,Neutral,-73.81,-302.27,228.46,None,24485.93,23317.25,22148.57,10.0242,Inside Band,-8.0969,26373.2,22182.55,-8.25,9.08,523058126.0,0.9712,0,42126.13,0.0,0,0,Mild Uptrend
2026-04-17,2026,4,Apr-2026,Friday,16,2,0,0,24165.9,24371.9,24096.05,24353.55,498625189,35373.29,Up,1,0.648,156.8,-1.0831,275.85,1.1415,187.65,0.7765,-30.85,-0.1275,24134.97,23725.23,23364.49,24414.39,24110.34,23845.71,23733.2,24196.24,1.0009,1.3677,1.7402,343.54,66.68,Neutral,-14.7,-244.75,230.05,None,24621.77,23364.49,22107.21,10.7623,Inside Band,-7.5014,26373.2,22182.55,-7.66,9.79,520974724.0,0.9571,0,41659.29,0.0,0,0,Mild Uptrend
2026-04-20,2026,4,Apr-2026,Monday,17,2,0,0,24391.5,24480.65,24241.25,24364.85,415942883,35042.31,Up,1,0.0464,11.3,-1.0372,239.4,0.9815,-26.65,-0.1093,37.95,0.1558,24197.82,23890.4,23403.68,24399.92,24195.17,23940.1,23793.36,24202.85,0.9354,1.3728,1.7361,331.91,63.44,Neutral,32.67,-189.27,221.94,None,24735.99,23403.68,22071.36,11.3855,Inside Band,-7.4584,26373.2,22182.55,-7.62,9.84,518832460.0,0.8017,0,41686.62,0.0,0,0,Mild Uptrend
2026-04-21,2026,4,Apr-2026,Tuesday,17,2,0,0,24374.55,24601.7,24354.9,24576.6,425826834,37315.7,Up,1,0.8691,211.75,-0.1771,246.8,1.0125,202.05,0.8289,9.7,0.0398,24344.61,24051.24,23443.62,24376.9,24322.32,24055.83,23867.95,24217.51,0.7059,1.3667,1.7368,322.29,73.98,Overbought,86.31,-134.15,220.46,None,24867.88,23443.62,22019.35,12.1506,Inside Band,-6.6542,26373.2,22182.55,-6.81,10.79,520979982.0,0.8174,0,42112.12,0.0,0,0,Mild Uptrend
2026-04-22,2026,4,Apr-2026,Wednesday,17,2,0,0,24470.85,24515.95,24352.9,24378.1,440524292,38980.03,Down,0,-0.8077,-198.5,-0.9833,163.05,0.6663,-92.75,-0.379,-105.75,-0.4303,24373.97,24176.68,23512.41,24348.94,24340.91,24114.42,23916.54,24223.81,0.6661,1.4463,1.5584,303.2,80.34,Overbought,111.51,-85.02,196.53,None,24979.18,23512.41,22045.64,12.4766,Inside Band,-7.4081,26373.2,22182.55,-7.56,9.9,515498826.0,0.8546,0,41961.11,0.0,0,0,Mild Uptrend
2026-04-23,2026,4,Apr-2026,Thursday,17,2,0,0,24202.35,24310.2,24134.8,24173.05,467549860,39616.97,Down,0,-0.8411,-205.05,-1.8162,175.4,0.7247,-29.3,-0.1211,-175.75,-0.7209,24369.23,24194.25,23565.34,24319.54,24284.96,24125.08,23940.97,24221.82,0.7962,0.9489,1.5783,292.68,73.12,Overbought,113.63,-45.29,158.92,None,25047.96,23565.34,22082.72,12.5831,Inside Band,-8.1869,26373.2,22182.55,-8.34,8.97,505711850.0,0.9245,0,41426.54,0.0,0,0,Mild Uptrend
2026-04-24,2026,4,Apr-2026,Friday,17,2,0,0,24100.55,24206.0,23813.65,23897.95,438433486,36898.39,Down,0,-1.138,-275.1,-2.9336,392.35,1.628,-202.6,-0.8406,-72.5,-0.2999,24278.11,24206.54,23634.6,24283.63,24155.95,24083.79,23936.87,24209.12,0.8234,0.9758,1.4697,277.87,67.06,Neutral,92.05,-17.82,109.87,None,25037.44,23634.6,22231.77,11.871,Inside Band,-9.2318,26373.2,22182.55,-9.39,7.73,500119758.0,0.8767,0,41221.33,0.0,0,0,Mild Uptrend
2026-04-27,2026,4,Apr-2026,Monday,18,2,0,0,23945.45,24130.7,23936.2,24092.7,430297937,36685.28,Up,1,0.8149,194.75,-2.1425,194.5,0.8123,147.25,0.6149,47.5,0.1988,24223.68,24210.75,23693.62,24248.14,24134.87,24085.41,23951.71,24204.55,0.9787,0.9379,1.4346,259.23,66.48,Neutral,89.63,3.67,85.96,None,25067.54,23693.62,22319.7,11.5974,Inside Band,-8.4921,26373.2,22182.55,-8.65,8.61,494729738.0,0.8698,0,40886.34,0.0,0,0,Mild Uptrend
2026-04-28,2026,4,Apr-2026,Tuesday,18,2,0,0,24049.9,24181.8,23957.05,23995.7,554134344,43390.29,Down,0,-0.4026,-97.0,-2.5365,224.75,0.9345,-54.2,-0.2254,-42.8,-0.1776,24107.5,24226.06,23728.08,24209.35,24088.48,24069.1,23955.9,24196.36,0.7671,0.9,1.3991,244.25,63.0,Neutral,78.98,18.73,60.25,None,25095.68,23728.08,22360.49,11.5272,Inside Band,-8.8605,26373.2,22182.55,-9.01,8.17,497165507.0,1.1146,0,41019.16,0.0,0,0,Mild Uptrend
2026-04-29,2026,4,Apr-2026,Wednesday,18,2,0,0,24096.9,24334.7,24059.95,24177.65,531122966,38035.47,Up,1,0.7583,181.95,-1.7975,274.75,1.1402,80.75,0.3351,101.2,0.4217,24067.41,24220.69,23795.98,24173.82,24118.2,24088.83,23977.02,24195.63,0.9046,0.7638,1.3001,249.83,53.39,Neutral,84.24,31.83,52.41,None,25107.36,23795.98,22484.61,11.0218,Inside Band,-8.1695,26373.2,22182.55,-8.32,8.99,493093811.0,1.0771,0,40558.97,0.0,0,0,Mild Uptrend
2026-04-30,2026,4,Apr-2026,Thursday,18,2,0,1,23996.95,24087.45,23796.85,23997.55,505520648,44420.83,Down,0,-0.7449,-180.1,-2.529,290.6,1.211,0.6,0.0025,-180.7,-0.7474,24032.31,24200.77,23879.29,24137.63,24077.99,24072.24,23978.97,24187.86,0.8874,0.7975,1.1957,248.59,54.25,Neutral,73.04,40.07,32.97,None,24996.19,23879.29,22762.4,9.3545,Inside Band,-8.8535,26373.2,22182.55,-9.01,8.18,483439849.0,1.0457,0,40125.33,0.0,0,0,Mild Uptrend
2026-05-04,2026,5,May-2026,Monday,19,2,0,0,24063.55,24290.2,24004.75,24119.3,419069793,35790.21,Up,1,0.5073,121.75,-2.0345,285.45,1.1862,55.75,0.2317,66.0,0.275,24076.58,24177.34,23951.29,24110.6,24091.76,24080.79,23992.34,24185.17,0.714,0.7844,1.1632,253.43,51.39,Neutral,73.14,46.69,26.45,None,24918.06,23951.29,22984.52,8.0728,Inside Band,-8.3911,26373.2,22182.55,-8.55,8.73,478495616.0,0.8758,0,39855.23,0.0,0,0,Mild Uptrend
2026-05-05,2026,5,May-2026,Tuesday,19,2,0,0,24052.6,24081.7,23882.05,24032.8,363297728,33650.36,Down,0,-0.3586,-86.5,-2.3858,199.65,0.8301,-19.8,-0.0823,-66.7,-0.2765,24064.6,24144.14,24017.27,24077.6,24072.1,24072.07,23996.19,24179.2,0.6454,0.7868,1.1726,242.56,54.06,Neutral,65.49,50.45,15.04,None,24788.61,24017.27,23245.94,6.4232,Inside Band,-8.7196,26373.2,22182.55,-8.87,8.34,471904451.0,0.7699,0,39604.27,0.0,0,0,Mild Uptrend
2026-05-06,2026,5,May-2026,Wednesday,19,2,0,0,24171.0,24356.5,23997.9,24330.95,429190144,38826.87,Up,1,1.2406,298.15,-1.1748,358.6,1.4836,159.95,0.6617,138.2,0.575,24131.65,24119.58,24085.41,24049.71,24158.39,24119.14,24028.07,24185.15,0.8157,0.846,1.1772,258.52,52.21,Neutral,82.53,56.86,25.67,None,24689.1,24085.41,23481.71,5.013,Inside Band,-7.5872,26373.2,22182.55,-7.74,9.69,472043117.0,0.9092,0,39750.95,1.0,1,0,Strong Uptrend
2026-05-07,2026,5,May-2026,Thursday,19,2,0,0,24398.5,24482.1,24284.0,24326.65,440621691,39529.1,Down,0,-0.0177,-4.3,-1.1923,198.1,0.8119,-71.85,-0.2945,67.55,0.2776,24161.45,24114.43,24145.56,24019.85,24214.47,24156.87,24056.51,24190.7,0.7749,0.8083,1.1756,251.38,52.92,Neutral,94.6,64.41,30.19,None,24553.89,24145.56,23737.23,3.3822,Inside Band,-7.6035,26373.2,22182.55,-7.76,9.67,470225108.0,0.937,0,39780.39,1.0,0,0,Strong Uptrend
2026-05-08,2026,5,May-2026,Friday,19,2,0,0,24233.65,24253.8,24126.65,24176.15,335887188,31217.1,Down,0,-0.6187,-150.5,-1.8036,127.15,0.5247,-57.5,-0.2373,-93.0,-0.3823,24197.17,24114.74,24154.5,23994.29,24201.7,24160.37,24067.9,24190.13,0.7407,0.7859,0.8488,240.75,46.0,Neutral,90.97,69.72,21.25,None,24556.95,24154.5,23752.04,3.3323,Inside Band,-8.1752,26373.2,22182.55,-8.33,8.99,455056568.0,0.7381,0,38513.39,1.0,0,0,Strong Uptrend
2026-05-11,2026,5,May-2026,Monday,20,2,0,0,23970.1,23997.45,23799.1,23815.85,390108343,37404.28,Down,0,-1.4903,-360.3,-3.267,198.35,0.8275,-154.25,-0.6435,-206.05,-0.8523,24136.48,24106.53,24156.54,23959.18,24073.08,24097.73,24043.9,24175.45,0.9952,0.8482,0.891,237.82,39.3,Neutral,58.35,67.45,-9.1,Bearish,24551.24,24156.54,23761.83,3.2679,Inside Band,-9.5436,26373.2,22182.55,-9.7,7.36,451232618.0,0.8645,0,38361.42,1.0,0,0,Mild Downtrend
2026-05-12,2026,5,May-2026,Tuesday,20,2,0,0,23722.6,23757.55,23348.4,23379.55,447518189,36200.59,Down,0,-1.832,-436.3,-5.0392,409.15,1.7247,-343.05,-1.4461,-93.25,-0.3915,24005.83,24035.22,24122.98,23912.51,23841.91,23967.15,23980.63,24144.24,1.227,0.9604,0.9381,249.42,28.55,Oversold,-2.67,53.42,-56.09,None,24648.14,24122.98,23597.83,4.354,Below Lower,-11.2008,26373.2,22182.55,-11.35,5.4,449543406.0,0.9955,0,38165.99,1.0,0,0,Mild Downtrend
2026-05-13,2026,5,May-2026,Wednesday,20,2,0,0,23362.45,23582.95,23262.55,23412.6,415359044,33693.48,Up,1,0.1414,33.05,-4.9049,320.4,1.3714,50.15,0.2147,-17.1,-0.0731,23822.16,23976.9,24101.48,23872.27,23698.8,23866.33,23926.53,24115.54,0.8755,0.9691,0.924,260.66,31.61,Neutral,-47.82,33.18,-81.0,None,24704.42,24101.48,23498.54,5.0033,Below Lower,-11.0752,26373.2,22182.55,-11.23,5.55,445869119.0,0.9316,0,37754.09,1.0,0,0,Mild Downtrend
2026-05-14,2026,5,May-2026,Thursday,20,2,0,0,23530.25,23777.2,23426.55,23689.6,428735424,38828.33,Up,1,1.1831,277.0,-3.7798,350.65,1.4902,159.35,0.6772,117.65,0.5025,23694.75,23928.1,24074.39,23836.41,23695.74,23834.19,23903.96,24098.84,1.2258,1.0255,0.8848,273.18,41.04,Neutral,-60.55,14.43,-74.98,None,24700.98,24074.39,23447.81,5.2054,Inside Band,-10.0231,26373.2,22182.55,-10.18,6.79,444289188.0,0.965,0,37776.66,1.0,0,0,Mild Downtrend
2026-05-15,2026,5,May-2026,Friday,20,2,0,0,23731.4,23839.3,23610.3,23643.5,408864566,35052.32,Down,0,-0.1946,-46.1,-3.9671,229.0,0.965,-87.9,-0.3704,41.8,0.1764,23588.22,23892.7,24046.73,23799.35,23678.32,23799.52,23879.16,24080.98,1.2322,1.0075,0.885,261.51,44.84,Neutral,-73.51,-3.16,-70.35,None,24698.91,24046.73,23394.56,5.4242,Inside Band,-10.1982,26373.2,22182.55,-10.35,6.59,439331527.0,0.9307,0,37297.56,1.0,0,0,Mild Downtrend
2026-05-18,2026,5,May-2026,Monday,21,2,0,0,23482.2,23695.65,23317.1,23649.95,391968426,30029.02,Up,1,0.0273,6.45,-3.9409,378.55,1.6121,167.75,0.7144,-161.3,-0.6822,23555.04,23845.76,24011.55,23768.78,23668.87,23772.33,23857.33,24064.08,1.0867,0.9842,0.8677,274.65,40.29,Neutral,-82.31,-18.99,-63.32,None,24669.92,24011.55,23353.19,5.4837,Inside Band,-10.1737,26373.2,22182.55,-10.33,6.62,433998689.0,0.9032,0,37030.35,1.0,0,0,Mild Downtrend
2026-05-19,2026,5,May-2026,Tuesday,21,2,0,0,23675.3,23782.3,23587.2,23618.0,441953184,39325.73,Down,0,-0.1351,-31.95,-4.0706,195.1,0.8241,-57.3,-0.242,25.35,0.1072,23602.73,23804.28,23974.21,23743.82,23651.91,23744.27,23834.54,24046.59,0.563,0.9825,0.8665,272.54,41.47,Neutral,-90.82,-33.35,-57.47,None,24632.92,23974.21,23315.5,5.4952,Inside Band,-10.2951,26373.2,22182.55,-10.45,6.47,435299204.0,1.0153,0,37244.52,1.0,0,0,Mild Downtrend
2026-05-20,2026,5,May-2026,Wednesday,21,2,0,0,23457.25,23690.9,23397.3,23659.0,344050591,26163.78,Up,1,0.1736,41.0,-3.9041,293.6,1.2516,201.75,0.8601,-160.75,-0.6806,23652.01,23737.08,23928.33,23727.4,23654.27,23728.76,23817.82,24031.39,0.5622,0.863,0.8368,273.88,37.49,Neutral,-93.18,-45.32,-47.86,None,24536.25,23928.33,23320.41,5.0812,Inside Band,-10.1394,26373.2,22182.55,-10.29,6.66,431210392.0,0.7979,0,36686.92,1.0,0,0,Mild Downtrend
2026-05-21,2026,5,May-2026,Thursday,21,2,0,0,23830.05,23859.9,23596.6,23654.7,348183907,29930.79,Down,0,-0.0182,-4.3,-3.9216,263.3,1.1049,-175.35,-0.7358,171.05,0.723,23645.03,23669.89,23892.16,23705.17,23654.42,23715.3,23802.28,24016.62,0.1441,0.863,0.8245,271.93,40.97,Neutral,-94.31,-55.12,-39.19,None,24472.87,23892.16,23311.45,4.8611,Inside Band,-10.1557,26373.2,22182.55,-10.31,6.64,426593373.0,0.8162,0,36234.46,1.0,0,0,Mild Downtrend
2026-05-22,2026,5,May-2026,Friday,21,2,0,0,23671.2,23835.65,23671.0,23719.3,336108649,24993.16,Up,1,0.2731,64.6,-3.6592,164.65,0.6956,48.1,0.2032,16.5,0.0698,23660.19,23624.2,23869.47,23690.55,23676.04,23716.03,23794.38,24004.96,0.1608,0.8698,0.8127,263.3,39.13,Neutral,-88.97,-61.89,-27.08,None,24439.33,23869.47,23299.61,4.7748,Inside Band,-9.9103,26373.2,22182.55,-10.06,6.93,420021312.0,0.8002,0,35503.27,1.0,0,0,Mild Downtrend
2026-05-25,2026,5,May-2026,Monday,22,2,0,0,23940.25,24054.45,23922.85,24031.7,351224048,27301.94,Up,1,1.3171,312.4,-2.3903,131.6,0.5497,91.45,0.382,220.95,0.9315,23736.54,23645.79,23876.16,23690.62,23794.6,23773.42,23816.98,24006.01,0.5786,0.8554,0.8316,258.44,49.97,Neutral,-58.85,-61.28,2.43,Bullish,24450.55,23876.16,23301.77,4.8114,Inside Band,-8.7238,26373.2,22182.55,-8.88,8.34,415660840.0,0.845,0,35023.45,1.0,0,0,Strong Uptrend
2026-05-26,2026,5,May-2026,Tuesday,22,2,0,0,24004.1,24089.8,23885.45,23913.7,387932940,29835.11,Down,0,-0.491,-118.0,-2.8696,204.35,0.8513,-90.4,-0.3766,-27.6,-0.1148,23795.68,23699.2,23867.21,23683.66,23834.3,23798.93,23826.19,24002.39,0.6645,0.5811,0.8179,247.43,38.94,Neutral,-43.99,-57.82,13.83,None,24432.9,23867.21,23301.52,4.7403,Inside Band,-9.172,26373.2,22182.55,-9.33,7.8,413542591.0,0.9381,0,34680.94,1.0,0,0,Strong Uptrend
2026-05-27,2026,5,May-2026,Wednesday,22,2,0,0,23880.35,23983.2,23858.25,23907.15,531572650,34903.35,Down,0,-0.0274,-6.55,-2.8962,124.95,0.5232,26.8,0.1122,-33.35,-0.1395,23845.31,23748.66,23862.78,23684.47,23858.58,23818.6,23833.9,23998.65,0.6763,0.5863,0.8133,242.2,38.89,Neutral,-32.37,-52.73,20.36,None,24425.62,23862.78,23299.94,4.7173,Inside Band,-9.1969,26373.2,22182.55,-9.35,7.77,412414506.0,1.2889,0,34256.59,1.0,0,0,Strong Uptrend
2026-05-29,2026,5,May-2026,Friday,22,2,0,0,23902.15,24002.8,23484.75,23547.75,1198023438,101439.0,Down,0,-1.5033,-359.4,-4.356,518.05,2.1674,-354.4,-1.4827,-5.0,-0.0209,23823.92,23734.48,23831.29,23682.64,23754.97,23769.36,23806.65,23980.97,1.0337,0.6964,0.8562,270.12,35.02,Neutral,-51.57,-52.5,0.93,None,24390.42,23831.29,23272.15,4.6924,Inside Band,-10.5619,26373.2,22182.55,-10.71,6.15,445759530.0,2.6876,1,37426.77,1.0,0,0,Mild Downtrend
2026-06-01,2026,6,Jun-2026,Monday,23,2,1,0,23654.5,23733.7,23357.95,23382.6,421691204,33843.74,Down,0,-0.7013,-165.15,-5.0268,375.75,1.5885,-271.9,-1.1495,106.75,0.4533,23756.58,23708.38,23800.54,23687.27,23630.85,23699.04,23766.26,23957.5,1.0408,0.7253,0.8546,282.79,38.61,Neutral,-79.2,-57.84,-21.36,Bearish,24388.09,23800.54,23212.99,4.9373,Inside Band,-11.1892,26373.2,22182.55,-11.34,5.41,441568057.0,0.955,0,36897.91,1.0,0,0,Mild Downtrend
2026-06-02,2026,6,Jun-2026,Tuesday,23,2,0,0,23229.15,23556.95,23229.15,23483.55,511852817,43063.5,Up,1,0.4317,100.95,-4.6167,327.8,1.4112,254.4,1.0952,-153.45,-0.6563,23646.95,23691.74,23768.75,23688.77,23581.75,23659.86,23739.34,23938.92,0.7297,0.7447,0.8518,276.98,53.32,Neutral,-91.89,-64.65,-27.24,None,24352.47,23768.75,23185.04,4.9116,Inside Band,-10.8058,26373.2,22182.55,-10.96,5.86,446207209.0,1.1471,0,37261.58,1.0,0,0,Mild Downtrend
2026-06-03,2026,6,Jun-2026,Wednesday,23,2,0,0,23415.95,23459.65,23151.5,23405.6,450089851,36726.56,Down,0,-0.3319,-77.95,-4.9333,308.15,1.316,-10.35,-0.0442,-67.6,-0.2879,23545.33,23670.5,23737.39,23685.26,23523.03,23613.63,23707.55,23918.0,0.7314,0.7493,0.8515,276.11,49.78,Neutral,-107.0,-73.12,-33.88,None,24328.72,23737.39,23146.06,4.9823,Inside Band,-11.1018,26373.2,22182.55,-11.25,5.51,450546815.0,0.999,0,37415.39,1.0,0,0,Mild Downtrend
